accession	group	bwing_res	bwing_aa	aromatic	bwing_to_3tetrad	TMscore
A0A010ZVP2	bac	490	Y	1	10.04	0.74
A0A011RD86	bac	487	Y	1	9.8	0.69
A0A022QCX5	euk	975	L	0	31.69	0.76
A0A024GB81	euk	731	M	0	3.81	0.84
A0A060RBR6	bac	514	Y	1	4.79	0.68
A0A067KV41	euk	952	G	0	29.17	0.8
A0A068NYV6	bac	480	Y	1	18.53	0.73
A0A068YHG4	euk	921	M	0	20.77	0.83
A0A074X4N6	euk	891	S	0	13.62	0.83
A0A075AVN4	euk	664	G	0	30.12	0.83
A0A078A6R7	euk	724	K	0	8.11	0.74
A0A084GA43	euk	1166	R	0	1.49	0.77
A0A084JIT4	bac	479	Y	1	3.63	0.7
A0A084R2J1	euk	1343	Y	1	4.18	0.83
A0A085M3F6	euk	961	M	0	3.19	0.85
A0A091M8S6	euk	559	F	1	5.33	0.96
A0A091R820	euk	872	N	0	6.6	0.78
A0A091SV96	euk	920	N	0	8.4	0.74
A0A091TS37	euk	915	N	0	9.48	0.78
A0A091TSY3	euk	925	N	0	5.52	0.77
A0A093GSD6	euk	950	F	1	5.85	0.74
A0A093HD69	euk	559	F	1	3.38	0.99
A0A093R177	euk	948	F	1	3.08	0.67
A0A096P7A8	euk	901	A	0	5.62	0.81
A0A098S861	bac	490	E	0	31.16	0.64
A0A0B2UJH3	euk	696	R	0	31.39	0.71
A0A0B5FQV7	bac	480	A	0	20.1	0.73
A0A0C2INU7	euk	805	M	0	8.59	0.73
A0A0C2WR98	euk	896	G	0	2.9	0.77
A0A0C2XKG1	euk	861	N	0	11.14	0.83
A0A0C3BMJ1	euk	858	G	0	6.48	0.82
A0A0C3HMF0	euk	1337	A	0	9.81	0.83
A0A0C5JLA7	bac	484	Y	1	4.44	0.69
A0A0C9MDY7	euk	931	A	0	26.4	0.84
A0A0C9Y159	euk	891	R	0	25.88	0.83
A0A0D0ASD7	euk	879	S	0	33.27	0.69
A0A0D0DNS5	euk	957	S	0	31.27	0.81
A0A0D2AL92	euk	1205	A	0	2.4	0.8
A0A0D2G849	bac	486	H	1	5.54	0.68
A0A0D2U9D7	euk	1304	M	0	6.11	0.58
A0A0D8Y462	euk	731	F	1	6.39	0.63
A0A0E9NJY8	euk	1099	M	0	21.95	0.8
A0A0F8BY45	euk	888	R	0	23.66	0.73
A0A0G2EG15	euk	1187	V	0	4.9	0.77
A0A0G2HU27	euk	739	G	0	29.09	0.78
A0A0J0XW43	euk	859	A	0	4.32	0.81
A0A0J9X742	euk	818	G	0	11.09	0.76
A0A0K6IWZ8	bac	499	H	1	8.67	0.7
A0A0K9NWB4	euk	936	T	0	32.88	0.78
A0A0L0DJN9	euk	794	R	0	22.05	0.81
A0A0L0G6T1	euk	565	Q	0	8.01	0.85
A0A0L0HBP5	euk	951	Q	0	5.1	0.84
A0A0L0T335	euk	659	K	0	9.33	0.83
A0A0L8V5X6	bac	485	Y	1	10.24	0.65
A0A0M0JR43	euk	550	N	0	8.32	0.81
A0A0M2R747	bac	489	H	1	10.8	0.72
A0A0M7AZ84	bac	503	H	1	8.3	0.72
A0A0M8MUD0	euk	570	H	1	5.73	0.77
A0A0M8ZT91	euk	1055	E	0	10.16	0.8
A0A0N5CRQ2	euk	776	F	1	3.34	0.71
A0A0P0UTH4	bac	481	F	1	14.4	0.59
A0A0P9C5D5	bac	484	H	1	5.87	0.7
A0A0Q4B795	bac	488	Y	1	26.87	0.7
A0A0S2I0X3	bac	484	E	0	33.78	0.59
A0A0S2KAC8	bac	482	H	1	9.92	0.73
A0A0S2TCF1	bac	491	E	0	8.3	0.7
A0A0S7C321	bac	490	Y	1	28.45	0.66
A0A0V1GUM1	euk	906	S	0	4.85	0.81
A0A133XH79	bac	491	H	1	3.24	0.68
A0A137PHZ7	euk	760	K	0	23.33	0.82
A0A139AWE5	euk	542	F	1	5.59	0.74
A0A139SXW9	bac	484	Y	1	7.98	0.71
A0A139WEI1	euk	1044	D	0	7.84	0.79
A0A151WVC8	euk	1025	E	0	4.61	0.81
A0A152A3C8	euk	934	Y	1	6.77	0.81
A0A154WGD0	bac	488	H	1	2.88	0.69
A0A160MXF8	bac	514	Y	1	9.84	0.68
A0A160T2S6	bac	739	D	0	11.55	0.75
A0A165D7V9	euk	938	A	0	31.16	0.84
A0A165H8A8	euk	962	G	0	6.12	0.86
A0A165I4A3	euk	1421	K	0	2.13	0.83
A0A167PY74	euk	520	M	0	7.62	0.81
A0A167VJU6	euk	1442	M	0	3.96	0.79
A0A167WVR7	euk	1254	M	0	4.23	0.79
A0A175W148	euk	1387	G	0	9.8	0.82
A0A176W8T9	euk	465	N	0	12.89	0.77
A0A183GHT7	euk	387	F	1	9.04	0.7
A0A183T2Q8	euk	479	V	0	28.93	0.81
A0A191ZG12	bac	489	F	1	13.95	0.68
A0A193LGI2	bac	482	F	1	6.47	0.65
A0A194AH66	bac	490	Y	1	1.85	0.71
A0A197JT88	euk	974	Q	0	19.17	0.75
A0A1A0HF03	euk	873	G	0	32.15	0.79
A0A1A6C1R1	bac	488	Q	0	9.13	0.71
A0A1B0CAN7	euk	1646	E	0	7.51	0.8
A0A1B1S8G6	bac	486	E	0	40.53	0.62
A0A1B1YWJ2	bac	482	H	1	2.13	0.7
A0A1B4XJF1	bac	491	E	0	10.3	0.69
A0A1C1CCS2	euk	1236	A	0	32.27	0.81
A0A1C7NRG6	euk	861	R	0	13.83	0.83
A0A1D1V4H7	euk	915	T	0	7.04	0.77
A0A1D2VH39	euk	1257	A	0	29.95	0.83
A0A1D7TL41	bac	480	Y	1	17.26	0.66
A0A1D9MF25	bac	488	H	1	14.57	0.7
A0A1E2UKR5	bac	491	Q	0	7.97	0.71
A0A1E3GTK6	bac	486	Y	1	4.1	0.69
A0A1E3NYV0	euk	580	A	0	30.86	0.72
A0A1E3PG93	euk	591	A	0	5.06	0.83
A0A1E3QZC2	euk	525	A	0	11.52	0.85
A0A1E4U130	euk	1275	A	0	23.54	0.83
A0A1E5Q5E1	bac	476	T	0	15.28	0.73
A0A1G5QNZ4	bac	479	Q	0	12.33	0.71
A0A1G6D544	bac	715	E	0	27.87	0.74
A0A1G6PNU2	bac	485	E	0	36.82	0.67
A0A1G7B3J0	bac	499	E	0	38.46	0.68
A0A1G8XS71	bac	482	D	0	36.77	0.63
A0A1G9MVS0	bac	527	E	0	39.76	0.55
A0A1H1LQ87	bac	491	D	0	20.55	0.74
A0A1H2VWM2	bac	513	H	1	8.16	0.69
A0A1H3VLN1	bac	496	Y	1	7.9	0.69
A0A1H4F9C9	bac	509	Q	0	8.47	0.67
A0A1I0CSQ0	bac	520	F	1	9.15	0.72
A0A1I0M9G4	bac	484	E	0	37.59	0.71
A0A1I1IKW5	bac	485	D	0	41.16	0.62
A0A1I1VUW1	bac	485	E	0	8.91	0.72
A0A1I2D684	bac	491	D	0	37.72	0.66
A0A1I3QJ50	bac	497	Y	1	0.84	0.69
A0A1I4ZKX2	bac	499	H	1	7.49	0.69
A0A1I5AKD4	bac	510	E	0	38.3	0.66
A0A1I5D7G2	bac	519	Q	0	5.58	0.7
A0A1I5VSU4	bac	538	E	0	32.8	0.64
A0A1I5Z8U4	bac	651	G	0	4.73	0.7
A0A1I7ST65	euk	723	F	1	3.81	0.77
A0A1I7WC35	euk	1410	F	1	17.71	0.73
A0A1J1E810	bac	497	Y	1	4.18	0.7
A0A1J4JIF8	euk	909	N	0	28.78	0.79
A0A1J8R9H4	euk	885	S	0	6.25	0.7
A0A1L0CS80	euk	1044	Q	0	29.05	0.72
A0A1L3GRT7	bac	484	Y	1	19.49	0.71
A0A1L9QUZ5	bac	484	D	0	27.41	0.7
A0A1M2W362	euk	929	S	0	27.51	0.8
A0A1M5WI02	bac	497	D	0	39.64	0.67
A0A1M5Y074	bac	481	Y	1	11.95	0.7
A0A1M8A9H4	euk	826	Y	1	12.25	0.82
A0A1N7MP06	bac	482	H	1	4.45	0.68
A0A1Q3AZM1	euk	952	I	0	35.9	0.76
A0A1R0H802	euk	942	R	0	1.86	0.78
A0A1R2BHR5	euk	663	K	0	2.29	0.76
A0A1R3SVW1	bac	500	E	0	33.39	0.67
A0A1R4HFK0	bac	480	F	1	7.4	0.71
A0A1S3EUP5	euk	779	N	0	6.38	0.77
A0A1T4XFA2	bac	488	Y	1	13.76	0.65
A0A1U7HHK2	bac	485	D	0	20.46	0.68
A0A1U7TXA0	euk	1160	N	0	6.73	0.77
A0A1U8B1H9	euk	974	G	0	33.72	0.77
A0A1U9NH39	bac	481	Y	1	15.41	0.6
A0A1V2L719	euk	1000	A	0	26.19	0.85
A0A1W0ABS8	euk	985	M	0	6.6	0.84
A0A1W5CYN6	euk	1392	A	0	7.48	0.82
A0A1X0QA46	euk	660	R	0	8.25	0.74
A0A1X2HR09	euk	938	A	0	9.45	0.83
A0A1X2IEX8	euk	1010	A	0	28.12	0.81
A0A1Y0I7P6	bac	483	A	0	15.0	0.74
A0A1Y1CHA2	bac	484	E	0	42.39	0.65
A0A1Y1S853	euk	859	G	0	31.76	0.73
A0A1Y1SA27	bac	491	Y	1	3.43	0.65
A0A1Y1U888	euk	907	A	0	32.4	0.82
A0A1Y1W227	euk	1028	M	0	34.18	0.8
A0A1Y1WQ37	euk	488	N	0	18.94	0.73
A0A1Y1WU27	euk	579	Q	0	23.31	0.85
A0A1Y1ZP50	euk	1336	A	0	4.88	0.77
A0A1Y2B2Q1	euk	934	A	0	21.29	0.83
A0A1Y2DSG3	euk	1388	K	0	2.82	0.76
A0A1Y2F0I3	euk	1043	M	0	2.98	0.81
A0A1Y2I3R0	euk	823	K	0	31.05	0.79
A0A1Y6B6C5	bac	506	Y	1	5.97	0.7
A0A1Z3HP71	bac	511	D	0	35.12	0.7
A0A1Z4JK93	bac	541	Y	1	8.98	0.72
A0A1Z4V0W8	bac	485	D	0	28.42	0.71
A0A212QQJ6	bac	483	G	0	9.93	0.67
A0A221T3A4	bac	483	Y	1	2.69	0.7
A0A222G8Z2	bac	529	Q	0	13.79	0.69
A0A222P3A2	bac	517	H	1	29.38	0.63
A0A232EYZ7	euk	974	E	0	2.21	0.77
A0A232LY13	euk	1153	G	0	36.35	0.81
A0A239FM01	bac	502	E	0	29.98	0.61
A0A250WYM3	euk	505	R	0	7.36	0.65
A0A251X9U2	bac	488	E	0	10.45	0.67
A0A259U183	bac	598	G	0	25.59	0.7
A0A261Y0B2	euk	1215	Q	0	31.23	0.79
A0A267E418	euk	1033	D	0	32.73	0.82
A0A285ZTE1	bac	504	D	0	34.64	0.54
A0A286UV78	euk	1150	T	0	31.03	0.84
A0A290QFV6	bac	537	Y	1	17.71	0.66
A0A2A2TC27	bac	486	G	0	26.52	0.69
A0A2A5S5G9	bac	486	Y	1	5.04	0.73
A0A2D0AXL0	bac	488	H	1	3.06	0.69
A0A2G2W8Q4	euk	995	L	0	29.69	0.73
A0A2G5DBM6	euk	966	L	0	33.79	0.81
A0A2G9G3H1	euk	777	G	0	34.57	0.75
A0A2H3LBU9	bac	904	R	0	8.49	0.68
A0A2H5QE02	euk	914	Y	1	26.01	0.81
A0A2H6LK08	bac	502	Y	1	23.7	0.68
A0A2I1HK74	euk	506	Q	0	12.73	0.66
A0A2I3HQW0	euk	1038	F	1	2.56	0.73
A0A2J6QFJ3	euk	1394	V	0	8.92	0.78
A0A2K5FA03	euk	1163	N	0	5.9	0.76
A0A2K6C0M9	euk	1037	F	1	6.04	0.74
A0A2K6EEU1	euk	1099	N	0	3.26	0.76
A0A2K9LLV7	bac	482	Y	1	4.62	0.69
A0A2K9NPR6	bac	484	Y	1	6.75	0.67
A0A2K9P3A5	bac	494	F	1	8.48	0.75
A0A2N3IHP7	bac	484	D	0	37.2	0.66
A0A2P5G2G0	euk	970	V	0	27.81	0.79
A0A2P6FGX6	euk	1378	A	0	6.49	0.81
A0A2P6MV93	euk	949	K	0	35.79	0.82
A0A2P7N1Z4	bac	489	Y	1	22.52	0.69
A0A2P7QFF5	bac	478	F	1	6.48	0.66
A0A2P8A0H5	euk	1189	A	0	15.98	0.71
A0A2R5GB67	euk	933	Q	0	23.84	0.75
A0A2R6Q6I3	euk	965	I	0	34.36	0.8
A0A2R6RLK1	euk	913	S	0	6.86	0.73
A0A2S0P709	bac	488	Y	1	10.66	0.7
A0A2S5B5H4	euk	975	W	1	2.48	0.79
A0A2S6I9X4	bac	476	H	1	16.49	0.69
A0A2S6N4S9	bac	482	E	0	11.94	0.72
A0A2S8B147	bac	477	H	1	4.45	0.69
A0A2S8SS64	bac	610	Y	1	2.33	0.66
A0A2T0K7F4	bac	484	T	0	8.78	0.71
A0A2T0QEH6	bac	500	Y	1	3.77	0.73
A0A2T1HPP3	bac	488	Y	1	3.44	0.68
A0A2T2NB03	euk	1325	A	0	6.18	0.78
A0A2T2ZT25	euk	1409	G	0	4.39	0.78
A0A2T3BF66	euk	1397	A	0	7.49	0.77
A0A2T4I8M9	bac	476	Y	1	8.03	0.67
A0A2T4TXS8	bac	480	Y	1	12.23	0.62
A0A2T5IB84	bac	479	Y	1	7.38	0.71
A0A2T7F1P4	euk	955	G	0	12.6	0.74
A0A2T7PWK2	euk	903	A	0	3.51	0.81
A0A2T9YMA4	euk	926	M	0	30.54	0.89
A0A2V3V4Y2	bac	476	H	1	6.02	0.64
A0A2W1JHV8	bac	497	D	0	19.49	0.73
A0A2W1NQ56	bac	487	E	0	31.97	0.6
A0A2W2CA50	bac	498	A	0	8.32	0.69
A0A2Y9EUT6	euk	1178	N	0	8.42	0.75
A0A2Z2NNV3	bac	489	H	1	4.55	0.69
A0A2Z4FJA8	bac	600	H	1	3.2	0.53
A0A2Z7AMM9	euk	889	G	0	27.52	0.71
A0A316FQ60	bac	506	E	0	8.17	0.71
A0A316UNJ2	euk	936	M	0	8.47	0.83
A0A316YTU9	euk	808	M	0	4.13	0.82
A0A317E0A4	bac	485	H	1	4.73	0.68
A0A317ZM88	bac	486	Y	1	18.55	0.73
A0A328C4V4	bac	593	H	1	9.68	0.6
A0A330LU72	bac	487	S	0	7.64	0.69
A0A366FPF1	bac	485	E	0	22.87	0.67
A0A366HCH9	bac	637	D	0	14.41	0.67
A0A367XG13	bac	498	H	1	4.21	0.69
A0A368GYQ0	euk	856	F	1	7.15	0.66
A0A368N7F3	bac	504	Q	0	15.54	0.68
A0A369I676	bac	495	E	0	38.45	0.57
A0A369JLT1	euk	922	S	0	6.23	0.8
A0A370GZG6	bac	482	Y	1	4.59	0.7
A0A370TMI0	euk	1395	A	0	6.23	0.84
A0A395JUQ1	bac	482	Y	1	11.49	0.67
A0A3A1Y6V4	bac	770	Y	1	33.61	0.68
A0A3D8RJ47	euk	1369	H	1	9.5	0.81
A0A3D9FGT6	bac	489	H	1	7.58	0.65
A0A3L8S0J4	euk	897	N	0	2.47	0.76
A0A3M3EZE3	bac	554	Y	1	4.22	0.69
A0A3N1M5Z4	bac	496	I	0	12.81	0.75
A0A3N1NZ51	bac	493	Q	0	14.04	0.71
A0A3N4HU45	euk	1276	A	0	5.41	0.84
A0A3N4KGA8	euk	1459	A	0	5.55	0.8
A0A3N4M1V1	euk	1519	G	0	12.5	0.81
A0A3N5BR11	bac	479	E	0	43.45	0.7
A0A3P3VUT0	bac	482	F	1	3.63	0.7
A0A3P6H7J7	euk	900	V	0	22.1	0.83
A0A3P7DL67	euk	786	F	1	2.43	0.69
A0A3P7M6E0	euk	357	F	1	59.73	0.72
A0A3P7PZT4	euk	547	F	1	2.17	0.77
A0A3Q3DXJ1	euk	728	G	0	32.85	0.76
A0A3R7MBR0	euk	512	T	0	14.91	0.76
A0A401GK72	euk	909	E	0	29.41	0.78
A0A401P617	euk	606	F	1	3.37	0.69
A0A401XJL4	bac	485	T	0	37.16	0.57
A0A402A3C8	bac	491	H	1	7.88	0.69
A0A402D4B0	bac	659	E	0	25.81	0.7
A0A409V955	euk	777	S	0	2.19	0.82
A0A409VKU1	euk	841	S	0	7.85	0.8
A0A418YDN0	bac	492	G	0	4.2	0.68
A0A423W9F8	euk	1293	A	0	25.95	0.72
A0A426QGC8	bac	491	Y	1	19.85	0.7
A0A433N804	bac	487	Y	1	16.73	0.69
A0A437QXI0	bac	495	Q	0	13.84	0.74
A0A443P3B5	euk	911	G	0	25.16	0.8
A0A484MLE7	euk	958	G	0	34.85	0.77
A0A4D7B4R5	bac	497	F	1	4.98	0.64
A0A4D7JNS5	bac	486	D	0	37.08	0.68
A0A4D9DGB0	euk	898	N	0	8.91	0.7
A0A4E0RFP9	euk	845	Q	0	8.56	0.83
A0A4P9VWQ5	bac	480	R	0	12.21	0.7
A0A4P9X9H9	euk	524	M	0	22.23	0.81
A0A4Q0Y4Z7	bac	480	F	1	18.0	0.69
A0A4Q1BVK0	euk	932	A	0	8.12	0.84
A0A4Q4STP6	euk	1372	P	0	4.78	0.78
A0A4Q7Z566	bac	497	Y	1	8.06	0.66
A0A4Q9LSC1	euk	793	S	0	25.11	0.78
A0A4Q9VYY3	bac	516	H	1	10.49	0.72
A0A4R2PFB7	bac	492	V	0	11.71	0.68
A0A4R3JWX5	bac	492	Y	1	7.62	0.62
A0A4R3LPU2	bac	503	H	1	6.76	0.69
A0A4R3Y1M1	bac	498	F	1	10.21	0.69
A0A4R7C9V9	bac	525	E	0	6.3	0.64
A0A4R8IE89	bac	480	G	0	7.23	0.71
A0A4S2AJV8	bac	486	E	0	33.58	0.7
A0A4S2MHN7	euk	1302	G	0	6.01	0.73
A0A4S4CXT3	euk	998	G	0	34.2	0.79
A0A4U8YT89	bac	482	Q	0	16.82	0.62
A0A4V1IWM7	euk	492	Q	0	29.96	0.85
A0A4V2PSQ1	bac	477	I	0	26.83	0.71
A0A4V3XHR9	euk	675	Q	0	14.06	0.72
A0A4V6ANN0	euk	994	G	0	9.54	0.77
A0A4X2K8Y0	euk	1202	N	0	4.87	0.81
A0A4Y7JSJ2	euk	972	Y	1	34.79	0.75
A0A4Y9YTD9	euk	948	S	0	14.19	0.79
A0A502EKH7	bac	477	H	1	18.34	0.7
A0A507BMM8	euk	1641	S	0	10.22	0.83
A0A507BXQ1	euk	1014	S	0	4.1	0.81
A0A507DSX7	euk	972	Q	0	30.11	0.83
A0A507FQA8	euk	991	G	0	10.77	0.86
A0A512NKP6	bac	485	H	1	12.06	0.72
A0A518B383	bac	667	L	0	3.22	0.54
A0A543IV80	bac	499	Y	1	5.37	0.74
A0A550JFE8	bac	481	Y	1	28.18	0.69
A0A5B2V3M0	bac	481	A	0	34.41	0.69
A0A5B6UBR8	euk	1010	F	1	35.07	0.77
A0A5B8MNC0	euk	919	Y	1	9.83	0.78
A0A5B8NPQ6	bac	483	D	0	25.79	0.69
A0A5B9VXF0	bac	683	F	1	2.1	0.7
A0A5C1E8J0	bac	519	H	1	3.18	0.59
A0A5C3E2X8	euk	875	A	0	30.54	0.74
A0A5C6RPK1	bac	539	N	0	27.47	0.62
A0A5C6VAD8	bac	488	Y	1	28.72	0.61
A0A5C8PEF2	bac	490	I	0	12.28	0.75
A0A5D3WN03	bac	512	Y	1	13.77	0.7
A0A5E4SVZ8	bac	564	Y	1	3.87	0.7
A0A5J4Z112	euk	1023	Y	1	6.96	0.79
A0A5J5B1J0	euk	963	V	0	6.62	0.77
A0A5J6MNJ6	bac	490	A	0	9.6	0.69
A0A5M3MCW5	euk	669	Q	0	30.66	0.86
A0A5N5P7T3	euk	1031	N	0	5.45	0.75
A0A5P1E652	euk	956	L	0	29.61	0.69
A0A5P8E414	bac	556	Y	1	26.76	0.7
A0A5R9EW53	bac	483	K	0	10.56	0.69
A0A5S9IVB4	bac	572	G	0	15.99	0.61
A0A5S9R076	bac	482	M	0	9.15	0.65
A0A642VE83	euk	1014	R	0	31.38	0.83
A0A663FBV1	euk	1006	K	0	7.62	0.72
A0A670K7V6	euk	907	F	1	47.53	0.7
A0A671DWG5	euk	1005	F	1	4.25	0.76
A0A672I2W6	euk	959	A	0	35.6	0.77
A0A672U2Y7	euk	807	N	0	6.95	0.74
A0A673CQX9	euk	852	G	0	14.58	0.77
A0A699ZZC3	euk	408	Y	1	4.46	0.69
A0A6A1WM88	euk	525	I	0	11.69	0.67
A0A6A5T7E4	euk	1360	V	0	42.08	0.74
A0A6A5WPR3	euk	1343	M	0	5.04	0.74
A0A6A5ZQ49	euk	1316	M	0	2.59	0.75
A0A6A6AG63	euk	1348	V	0	4.33	0.73
A0A6A6BKP3	euk	600	A	0	3.17	0.83
A0A6A6DDD4	euk	1354	A	0	7.31	0.74
A0A6A6HH51	euk	1295	A	0	6.39	0.78
A0A6A6JQK6	euk	1375	A	0	8.59	0.74
A0A6A6R986	euk	1351	M	0	4.18	0.76
A0A6A6TGQ4	euk	1330	A	0	32.36	0.76
A0A6A6WDA4	euk	1326	K	0	4.48	0.81
A0A6A6WSM6	euk	1325	A	0	32.77	0.77
A0A6A7C4F0	euk	1040	K	0	31.67	0.8
A0A6A7Y431	bac	491	H	1	10.13	0.69
A0A6C2UIP6	bac	482	Y	1	16.66	0.58
A0A6G0X0I9	euk	1003	M	0	3.7	0.84
A0A6G1G006	euk	517	K	0	6.38	0.8
A0A6G1H3K3	euk	637	S	0	34.53	0.76
A0A6G1K3N5	euk	1333	A	0	33.14	0.77
A0A6G4W7U8	bac	479	A	0	7.76	0.7
A0A6H2DLK8	bac	475	Y	1	3.52	0.71
A0A6H2H5B3	bac	602	F	1	3.24	0.73
A0A6I6D670	bac	482	E	0	26.46	0.72
A0A6I6GEN3	bac	528	E	0	33.81	0.68
A0A6J0BLL1	euk	1202	E	0	4.1	0.8
A0A6J2XHB5	euk	986	E	0	8.45	0.81
A0A6J3MBH3	euk	542	G	0	36.86	0.71
A0A6L8W9J3	bac	481	E	0	14.76	0.71
A0A6L9ML60	bac	517	Y	1	4.66	0.65
A0A6M0RGJ9	bac	491	D	0	27.03	0.69
A0A6M8B8Y0	bac	491	Y	1	18.89	0.7
A0A6N1VGR7	bac	478	A	0	12.45	0.71
A0A6N6M9K4	bac	488	E	0	16.46	0.63
A0A6N6RDW4	bac	487	Y	1	8.5	0.64
A0A6N9NHD2	bac	490	Y	1	23.67	0.6
A0A6P1M8Q4	bac	482	Y	1	5.32	0.63
A0A6P2C2H8	bac	505	Y	1	8.06	0.73
A0A6P5GWP8	euk	954	I	0	32.72	0.77
A0A6P5IRM5	euk	1202	N	0	2.09	0.81
A0A6P8CZS6	euk	952	F	1	32.69	0.79
A0A6P8XT68	euk	555	E	0	5.09	0.73
A0A7C8I9U5	euk	1324	A	0	3.38	0.75
A0A7C9LHL7	bac	481	Y	1	3.28	0.69
A0A7D3XEK6	bac	489	Y	1	8.91	0.65
A0A7D5ZFT6	bac	487	E	0	18.92	0.67
A0A7D9I1Q7	euk	721	P	0	4.79	0.81
A0A7G1HSH5	bac	485	E	0	39.21	0.68
A0A7G9SLR6	bac	757	E	0	10.12	0.66
A0A7H0VFX7	bac	491	Y	1	6.5	0.71
A0A7J7CHG9	euk	935	G	0	34.42	0.77
A0A7J7E9R1	euk	745	F	1	8.13	0.99
A0A7J7LA00	euk	978	Y	1	27.08	0.79
A0A7K6VJN7	euk	793	N	0	5.35	0.76
A0A7L2AGV0	euk	1067	N	0	8.54	0.79
A0A7L2WPT7	euk	250	F	1	12.53	0.97
A0A7L4UPB9	bac	484	Q	0	17.54	0.7
A0A7M1S4H6	bac	479	F	1	24.3	0.68
A0A7M2WY61	bac	509	V	0	28.15	0.7
A0A7M2YYX5	bac	565	Y	1	27.97	0.76
A0A7M4E150	euk	1213	N	0	2.4	0.76
A0A7M5XM92	euk	1008	H	1	1.13	0.75
A0A7N0TXR1	euk	923	Y	1	33.26	0.77
A0A7N5JDP2	euk	1008	F	1	3.59	0.69
A0A7N8XRY0	euk	825	N	0	7.14	0.78
A0A7R9BQD9	euk	2066	F	1	18.85	0.74
A0A7S6REX1	bac	487	Y	1	21.24	0.69
A0A7S7RQF1	bac	486	F	1	27.61	0.66
A0A7U2FAB0	euk	1340	S	0	4.78	0.74
A0A7W6DLN0	bac	484	H	1	4.77	0.66
A0A7W6G9G0	bac	523	H	1	7.42	0.66
A0A7W6GDY6	bac	499	Y	1	3.75	0.68
A0A7W9C6R0	bac	497	N	0	9.4	0.72
A0A7W9SLX4	bac	665	Y	1	10.95	0.72
A0A7X1AYQ1	bac	576	E	0	17.71	0.7
A0A7X1EAN2	bac	486	P	0	26.21	0.72
A0A813XLQ1	euk	859	H	1	31.53	0.8
A0A819Z500	euk	828	F	1	4.37	0.71
A0A833REZ9	euk	911	V	0	33.96	0.76
A0A834KUU0	euk	842	E	0	8.68	0.81
A0A834LAL0	euk	935	V	0	33.62	0.8
A0A835Z5K7	euk	527	S	0	6.76	0.74
A0A839HLP5	bac	555	Y	1	6.04	0.67
A0A839UQB2	bac	481	E	0	7.87	0.72
A0A842HBX8	bac	584	Y	1	9.68	0.56
A0A846HEN6	bac	487	Y	1	25.77	0.68
A0A846MQ08	bac	486	Q	0	32.05	0.58
A0A846MY21	bac	485	A	0	8.36	0.7
A0A847SA81	bac	478	E	0	7.29	0.72
A0A848J3B6	bac	486	E	0	35.17	0.66
A0A851UT55	euk	900	N	0	7.8	0.76
A0A8B7G8R0	euk	1165	N	0	4.96	0.75
A0A8B7N5G8	euk	564	R	0	12.92	0.74
A0A8B8R2D2	euk	951	L	0	33.85	0.8
A0A8B9AQS0	euk	942	I	0	32.02	0.79
A0A8B9BPP4	euk	1180	N	0	7.05	0.76
A0A8C1G981	euk	979	K	0	13.43	0.79
A0A8C2UKG7	euk	1010	F	1	6.17	0.71
A0A8C3PE34	euk	1027	A	0	7.12	0.78
A0A8C3WGZ7	euk	1166	S	0	7.78	0.78
A0A8C4F7Z9	euk	777	N	0	24.54	0.77
A0A8C4R6G6	euk	451	N	0	5.94	0.76
A0A8C4WHA4	euk	879	A	0	9.43	0.78
A0A8C5P0Q9	euk	735	N	0	10.51	0.7
A0A8C6B5L5	euk	1183	N	0	6.5	0.74
A0A8C6FZX3	euk	1164	N	0	5.39	0.76
A0A8C6L9U3	euk	780	H	1	27.65	0.78
A0A8C6W236	euk	1158	N	0	7.66	0.76
A0A8C6XZ99	euk	1021	N	0	4.32	0.8
A0A8C7BG73	euk	1163	N	0	6.68	0.73
A0A8C8VXH9	euk	1162	N	0	8.36	0.79
A0A8C8YZA1	euk	1032	Y	1	1.61	0.68
A0A8C9B726	euk	1177	N	0	7.78	0.75
A0A8C9D9Z6	euk	1352	N	0	4.14	0.78
A0A8C9MM45	euk	1005	K	0	6.06	0.7
A0A8C9TWQ0	euk	959	F	1	8.75	0.74
A0A8D0DZ88	euk	982	F	1	1.05	0.69
A0A8D0G5B4	euk	855	N	0	2.89	0.81
A0A8D2KV49	euk	736	F	1	11.33	0.65
A0A8D5G8Q3	bac	492	Y	1	8.78	0.7
A0A8E2E2M0	euk	1361	A	0	4.33	0.78
A0A8E2ETE9	euk	1354	A	0	6.89	0.78
A0A8G2F464	bac	506	A	0	13.49	0.68
A0A8H4IQB8	euk	1354	A	0	6.89	0.72
A0A8H4L5F1	euk	1116	H	1	7.46	0.79
A0A8H4PY53	euk	509	Y	1	30.45	0.8
A0A8H4QQT8	euk	828	A	0	32.53	0.84
A0A8H4RKG8	euk	1394	S	0	7.26	0.83
A0A8H5FCC2	euk	870	A	0	30.12	0.75
A0A8H7MMP3	euk	1323	V	0	27.8	0.76
A0A8H7UJ89	euk	933	H	1	35.23	0.84
A0A8I2YWR0	euk	891	S	0	30.71	0.82
A0A8I3NX97	euk	1128	F	1	10.85	0.74
A0A8I3W2S6	euk	1037	F	1	6.53	0.72
A0A8J2V6S6	bac	500	E	0	6.39	0.7
A0A8J3CPH0	bac	499	M	0	9.37	0.62
A0A8J3IRD1	bac	487	D	0	14.79	0.64
A0A8J4BF25	euk	935	Y	1	31.16	0.73
A0A8J5HCX7	euk	950	I	0	27.59	0.81
A0A8J6KCJ9	euk	1034	N	0	7.94	0.78
A0A8J6QEZ7	bac	493	H	1	25.59	0.66
A0A8J7ABZ7	bac	497	D	0	29.82	0.7
A0A8J7B7I7	bac	487	Y	1	10.04	0.69
A0A8J7CAF4	bac	485	D	0	23.81	0.64
A0A8J8P591	euk	716	G	0	5.08	0.75
A0A8K0DEE0	euk	563	K	0	15.58	0.65
A0A8K0H2P7	euk	949	F	1	36.18	0.77
A0A8M6YUA3	euk	1185	S	0	1.21	0.77
A0A8N5EXX7	euk	996	K	0	9.21	0.6
A0A8R1YI53	euk	700	F	1	7.62	0.62
A0A8R2R8V4	euk	986	D	0	5.27	0.81
A0A8S0XXR2	euk	793	R	0	22.78	0.79
A0A8S1IRD0	euk	878	F	1	24.19	0.8
A0A8S8XEK1	bac	485	Y	1	10.98	0.69
A0A8S9YMN4	euk	930	Q	0	13.01	0.79
A0A8T1QFC6	euk	670	I	0	10.09	0.8
A0A8T2PQH5	euk	643	F	1	19.43	0.72
A0A8X6T185	euk	1025	M	0	4.82	0.81
A0A8X7SXG1	euk	927	M	0	7.43	0.77
A0A8X8D8T5	euk	1039	I	0	30.33	0.77
A0A8X8WKU3	euk	986	Y	1	27.66	0.81
A0A914C886	euk	502	F	1	0.58	0.73
A0A914R3D0	euk	761	R	0	3.67	0.73
A0A915J7I5	euk	974	Q	0	1.22	0.79
A0A915MDK3	euk	580	F	1	26.59	0.59
A0A915YHU7	bac	513	Y	1	26.18	0.67
A0A916NGC7	bac	490	Y	1	27.04	0.61
A0A916SJX3	bac	481	H	1	7.25	0.68
A0A917C266	bac	483	Y	1	14.67	0.71
A0A917DHV4	bac	513	H	1	12.07	0.63
A0A917DQX9	bac	544	E	0	46.26	0.54
A0A922IAR2	euk	1011	F	1	27.0	0.8
A0A923I1A1	bac	504	Y	1	2.07	0.67
A0A923SRH9	bac	503	Y	1	14.92	0.72
A0A926ZFB8	bac	487	Y	1	17.1	0.68
A0A928Z8A7	bac	500	Y	1	20.41	0.7
A0A931I1Y0	bac	502	F	1	9.85	0.68
A0A934IEY7	bac	503	A	0	29.88	0.69
A0A975BXN6	bac	487	M	0	20.6	0.7
A0A9C7PWI5	euk	883	Y	1	23.06	0.76
A0A9D3MB40	euk	568	Y	1	10.6	0.91
A0A9D3PTE6	euk	1003	N	0	7.59	0.77
A0A9D5BRX8	euk	966	F	1	34.51	0.8
A0A9D5CPS9	euk	981	L	0	32.51	0.78
A0A9E7GAA4	euk	990	G	0	29.13	0.79
A0A9E7PMS6	arc	482	Y	1	18.9	0.7
A0A9J2Q3A3	euk	838	Y	1	2.84	0.78
A0A9J7E9U5	euk	1100	D	0	7.18	0.85
A0A9L0S401	euk	1201	N	0	7.83	0.74
A0A9N7NRP4	euk	932	M	0	35.42	0.78
A0A9N9C4D3	euk	983	S	0	5.89	0.74
A0A9P0FH81	euk	546	Y	1	6.24	0.72
A0A9P1NZX2	bac	495	Y	1	3.47	0.69
A0A9P4IEH5	euk	571	A	0	4.85	0.83
A0A9P4J4N6	euk	517	A	0	10.06	0.85
A0A9P4JKY7	euk	1064	S	0	5.89	0.8
A0A9P4LUW4	euk	514	R	0	11.2	0.74
A0A9P4NXV9	euk	1235	G	0	4.67	0.78
A0A9P4Q3A6	euk	1215	R	0	0.75	0.84
A0A9P4S589	euk	509	G	0	6.16	0.77
A0A9P4V313	euk	1313	A	0	6.09	0.76
A0A9P5CLV9	euk	505	G	0	14.07	0.7
A0A9P5D4V9	euk	1336	H	1	31.75	0.79
A0A9P6EME4	euk	917	R	0	25.34	0.83
A0A9P7AZG3	euk	1394	A	0	8.02	0.78
A0A9P7BVV8	euk	781	A	0	34.0	0.84
A0A9P8C9H4	euk	880	G	0	6.48	0.82
A0A9P8CJ08	euk	1081	R	0	7.27	0.76
A0A9P8UVR2	euk	1367	Q	0	2.6	0.8
A0A9P9BQG9	euk	631	K	0	29.84	0.78
A0A9P9IY89	euk	1323	A	0	2.71	0.77
A0A9P9WHC6	euk	1677	K	0	4.75	0.78
A0A9Q0FKF7	euk	953	G	0	26.85	0.78
A0A9Q0LU91	euk	982	Y	1	2.01	0.77
A0A9Q3BAY6	euk	998	M	0	6.52	0.81
A0A9Q3UMW3	bac	481	E	0	33.53	0.72
A0A9R0JRL8	euk	978	Y	1	33.66	0.78
A0A9W4XNU3	euk	1317	A	0	8.56	0.79
A0A9W6GVJ7	bac	536	E	0	10.46	0.63
A0A9W7B086	euk	944	M	0	5.9	0.83
A0A9W7T8U4	euk	568	Y	1	5.07	0.92
A0A9W8N3P3	euk	701	S	0	26.86	0.77
A0A9X0HMG7	bac	488	Y	1	28.7	0.67
A0A9X0UIM2	bac	571	M	0	27.32	0.57
A0A9X1B5E7	bac	487	E	0	7.35	0.69
A0A9X3Z6L4	bac	479	T	0	9.41	0.7
A0A9X4MHL7	bac	481	Y	1	16.03	0.72
A0A9X6NCU9	euk	890	S	0	31.12	0.83
A0AA35S753	euk	892	G	0	6.44	0.7
A0AA36A4E6	euk	974	Y	1	26.56	0.8
A0AA36BX62	euk	691	N	0	9.67	0.69
A0AA36GR36	euk	685	A	0	18.19	0.71
A0AA37TN91	bac	495	S	0	10.34	0.68
A0AA38FQT4	euk	478	V	0	20.34	0.67
A0AA38VQQ6	euk	1021	R	0	34.93	0.81
A0AA38ZEG8	euk	960	I	0	33.82	0.77
A0AA39EZB5	euk	932	E	0	6.49	0.81
A0AA39GT51	euk	1333	Y	1	0.49	0.77
A0AA39MY53	euk	922	A	0	13.25	0.71
A0AA39R885	euk	1299	A	0	4.62	0.8
A0AA40BC58	euk	553	R	0	9.13	0.81
A0AA41MXQ7	euk	1131	N	0	5.55	0.77
A0AA41UKV1	bac	483	D	0	6.98	0.74
A0AA41YVL1	bac	482	A	0	29.4	0.63
A0AA88XII0	euk	612	Y	1	2.23	0.69
A0AA89AFV0	euk	915	I	0	11.08	0.77
A0AA91EGB6	bac	488	M	0	5.4	0.67
A0AA96JX60	bac	503	P	0	28.41	0.73
A0AAA9TDU0	euk	1177	N	0	8.5	0.76
A0AAD2CAG5	euk	970	V	0	5.21	0.81
A0AAD3DKM2	euk	949	Y	1	23.02	0.76
A0AAD4NC42	euk	696	H	1	7.2	0.71
A0AAD4QM18	euk	970	R	0	5.36	0.81
A0AAD5RUU5	euk	1350	K	0	8.61	0.75
A0AAD5VI52	euk	872	S	0	31.51	0.74
A0AAD6TDJ9	euk	899	A	0	30.86	0.76
A0AAD7P9H9	euk	954	I	0	28.84	0.76
A0AAD7R0B0	euk	1028	S	0	7.06	0.79
A0AAD7SI54	euk	620	F	1	12.28	0.7
A0AAD7UUR0	euk	909	M	0	36.4	0.87
A0AAD8EDF1	euk	569	Y	1	9.65	0.98
A0AAD8HWI5	euk	894	Y	1	30.43	0.77
A0AAD8XXM7	euk	1013	A	0	12.01	0.82
A0AAD9L1U9	euk	716	H	1	9.72	0.72
A0AAD9QNZ7	euk	928	H	1	12.1	0.79
A0AAD9WEZ1	euk	1415	G	0	29.65	0.75
A0AAD9ZNS4	euk	959	G	0	28.84	0.78
A0AAE1YXX3	euk	992	G	0	29.21	0.78
A0AAE3MCJ9	bac	509	E	0	33.04	0.62
A0AAE3UGC7	bac	483	D	0	39.33	0.71
A0AAF0BGQ5	bac	490	Y	1	5.43	0.73
A0AAF1KR32	bac	539	Y	1	2.81	0.65
A0AAI9SEZ0	bac	487	H	1	3.74	0.68
A0AAJ0FQY0	euk	1404	K	0	34.88	0.78
A0AAJ3HUH0	bac	489	R	0	2.3	0.69
A0AAJ4XMM3	euk	838	A	0	32.53	0.77
A0AAJ6YE70	euk	998	E	0	9.72	0.83
A0AAJ7X4R2	euk	1214	N	0	2.97	0.81
A0AAN0JMR9	euk	860	H	1	3.09	0.84
A0AAN1X9N7	bac	486	E	0	7.39	0.67
A0AAN2CA82	bac	485	A	0	6.81	0.74
A0AAN4VVT6	bac	490	D	0	40.69	0.65
A0AAN6S259	euk	1388	Y	1	13.76	0.82
A0AAN7BBC8	euk	1388	G	0	4.84	0.82
A0AAN7NK73	euk	570	F	1	8.95	0.98
A0AAN7VG00	euk	560	K	0	9.96	0.75
A0AAN8RQG0	euk	435	S	0	3.28	0.79
A0AAN8ZUE7	euk	956	I	0	6.6	0.79
A0AAN9BW79	euk	731	G	0	7.12	0.68
A0AAN9TU79	euk	1139	E	0	2.62	0.76
A0AAP0GDA3	euk	966	L	0	34.19	0.78
A0AAP0IAM5	euk	949	L	0	32.12	0.78
A0AAP0S2M2	euk	783	F	1	31.79	0.78
A0AAP6JEL8	bac	481	E	0	12.37	0.71
A0AAQ3QJ22	euk	965	G	0	33.22	0.8
A0AAQ4DYQ8	euk	1007	L	0	5.8	0.8
A0AAU0MZL6	bac	500	E	0	9.25	0.63
A0AAU9CAC9	bac	478	A	0	13.9	0.71
A0AAU9J4R6	euk	710	K	0	3.29	0.78
A0AAV0BJ93	euk	905	M	0	8.83	0.79
A0AAV1D7I1	euk	955	V	0	36.16	0.79
A0AAV2C807	euk	935	V	0	8.92	0.79
A0AAV2QN01	euk	579	G	0	23.25	0.71
A0AAV3PUI2	euk	982	G	0	26.34	0.77
A0AAV4VJT9	euk	1027	M	0	5.19	0.76
A0AAV5KDJ8	euk	928	G	0	31.35	0.79
A0AAV5N591	bac	489	Y	1	1.91	0.68
A0AAV5QDT4	euk	1405	S	0	4.88	0.79
A0AAV6M911	euk	873	I	0	35.71	0.66
A0AAV6WK74	euk	961	L	0	35.76	0.76
A0AAV7E689	euk	952	G	0	24.21	0.84
A0AAV8SUD4	euk	939	I	0	27.22	0.77
A0AAV8UF56	euk	1037	Y	1	9.56	0.83
A0AAV8VUM4	euk	551	Y	1	4.02	0.78
A0AAV9GM06	euk	484	S	0	4.2	0.74
A0AAW1KIL4	euk	913	D	0	8.43	0.78
A0AAW1R2V0	euk	678	Y	1	3.78	0.78
A0AAW1S6N8	euk	961	Y	1	4.11	0.8
A0AAW2DUI3	euk	956	Y	1	34.42	0.79
A0AAW2ZNQ3	euk	791	F	1	1.17	0.74
A0AAW4W2Y6	bac	493	R	0	8.73	0.72
A0AAW9DKT4	bac	498	F	1	20.79	0.7
A0AAW9R4I3	bac	493	Y	1	8.5	0.7
A0AAX4KSA1	euk	935	A	0	2.39	0.77
A0AAY4BZ82	euk	985	N	0	8.67	0.77
A0AAY5ESH4	euk	871	F	1	17.0	0.72
A0AB34JGC5	euk	600	H	1	5.86	0.6
A0AB34KVL3	euk	435	S	0	7.85	0.77
A0ABD1KV69	euk	460	Y	1	5.78	0.93
A0ABD1YL12	euk	1056	L	0	30.76	0.82
A0ABD2D5A1	euk	1010	F	1	7.18	0.63
A0ABD2MII3	euk	549	G	0	10.49	0.73
A0ABD2W8Y5	euk	993	E	0	2.74	0.77
A0ABD3PEE2	euk	1009	A	0	4.92	0.81
A0ABD3RP80	euk	970	I	0	35.0	0.74
A0ABD4TGN3	arc	494	N	0	52.35	0.63
A0ABM0IUM2	euk	1172	N	0	6.62	0.7
A0ABM0JPG4	euk	1169	M	0	2.32	0.82
A0ABM0RSU4	euk	960	F	1	2.78	0.67
A0ABM1JR37	euk	978	F	1	2.54	0.73
A0ABM1T5A0	euk	1131	M	0	2.78	0.74
A0ABM4DAV0	euk	1154	H	1	1.5	0.77
A0ABM8FN31	bac	481	H	1	19.58	0.65
A0ABN7NF61	euk	559	H	1	2.52	0.75
A0ABN8NXI2	euk	1339	F	1	7.96	0.79
A0ABN9L2U6	euk	552	N	0	26.6	0.75
A0ABP0FXE6	euk	857	G	0	14.4	0.75
A0ABP0VRI6	euk	1074	M	0	28.73	0.79
A0ABP1DA61	euk	895	K	0	33.5	0.77
A0ABQ7HYS2	euk	630	M	0	29.16	0.73
A0ABQ7SS51	euk	1193	N	0	7.26	0.66
A0ABQ8TJ46	euk	934	D	0	4.48	0.79
A0ABQ9FHQ4	euk	673	G	0	17.28	0.64
A0ABR1KU71	euk	1355	A	0	2.68	0.8
A0ABR3PAE4	euk	1200	G	0	5.29	0.78
A0ABR4C4Q0	euk	1405	S	0	2.27	0.73
A0ABT2N143	bac	495	Y	1	14.66	0.69
A0ABT3HCH6	bac	481	H	1	2.51	0.55
A0ABT3L5H8	bac	488	Y	1	19.76	0.66
A0ABT7M0L7	bac	487	Y	1	15.31	0.69
A0ABT8F7N1	bac	486	E	0	35.95	0.7
A0ABT9V3T8	bac	482	Y	1	1.92	0.68
A0ABU2WLQ6	bac	498	Y	1	13.63	0.75
A0ABV0J561	bac	495	D	0	19.08	0.71
A0ABW1T039	bac	488	P	0	11.61	0.72
A0ABX5M3P8	bac	481	G	0	8.97	0.67
A0ABY6LBX4	euk	2118	G	0	21.45	0.67
A0ABY7DQU7	euk	1070	M	0	13.68	0.68
A0ACB8SWT7	euk	918	K	0	30.09	0.83
A0ACB8WU42	euk	2789	N	0	5.43	0.75
A0ACB9NZB5	euk	934	I	0	30.3	0.79
A0ACB9ZCH0	euk	1420	K	0	8.07	0.8
A0ACC0AL70	euk	958	V	0	34.41	0.75
A0ACC0VET1	euk	1296	Y	1	6.22	0.8
A0ACC1CUN0	euk	1078	D	0	8.11	0.82
A0ACC1Y161	euk	958	I	0	28.27	0.8
A0ACC2NJ08	euk	1154	D	0	5.79	0.78
A0ACC2UP63	euk	838	A	0	25.46	0.76
A0ACD0P8K2	euk	1043	A	0	7.89	0.8
A1AN54	bac	481	F	1	30.39	0.71
A1ZJ89	bac	482	D	0	38.77	0.68
A5G9H1	bac	482	Y	1	16.16	0.73
A7HXG7	bac	515	Y	1	8.37	0.71
A9B0G6	bac	750	L	0	21.82	0.76
B2UMH2	bac	589	D	0	6.04	0.61
B3ETE7	bac	484	Q	0	35.96	0.74
B3RTQ9	euk	672	Y	1	8.03	0.6
B8EJJ5	bac	505	D	0	39.26	0.66
B8KS26	bac	495	E	0	14.14	0.71
B9Z938	bac	506	I	0	11.85	0.7
C1GRE2	euk	1185	A	0	3.53	0.79
C1MJ02	euk	575	N	0	2.79	0.76
C2MC37	bac	483	E	0	30.3	0.7
C4M4V5	euk	945	H	1	23.51	0.76
C4ZJ76	bac	539	Y	1	20.16	0.69
C6XQJ7	bac	504	N	0	3.67	0.74
C7Q0K4	bac	493	Y	1	3.62	0.75
D0LUH4	bac	579	Y	1	3.91	0.61
D7CR13	bac	481	E	0	12.68	0.67
E1WZQ0	bac	504	G	0	22.64	0.59
E3KU02	euk	957	M	0	4.19	0.82
E4T5K5	bac	485	E	0	32.95	0.61
E4TL45	bac	482	E	0	31.85	0.65
E4XCN9	euk	974	M	0	7.96	0.74
E5A4D8	euk	1327	V	0	5.9	0.75
E9CLK2	bac	497	H	1	9.69	0.68
F1RX70	euk	1025	F	1	4.47	0.72
F4PT39	euk	608	M	0	5.95	0.68
F5S907	bac	503	H	1	14.31	0.71
F6RXI0	euk	1198	N	0	6.98	0.8
F6Z6H7	euk	753	G	0	14.51	0.76
F7CIS0	euk	1115	F	1	3.54	0.71
F9ZMJ3	bac	485	E	0	9.9	0.67
G0WFT3	euk	1155	G	0	31.21	0.8
G1PQL6	euk	1156	N	0	11.45	0.78
G1T6H2	euk	1166	N	0	7.15	0.74
G2KSF7	bac	469	H	1	9.86	0.67
G3SU95	euk	999	Y	1	2.51	0.68
G3W1C2	euk	1197	N	0	3.89	0.81
G4D3E1	bac	472	H	1	27.08	0.66
G4R7V5	bac	510	H	1	3.47	0.68
G7E9W7	euk	986	M	0	38.24	0.84
G8QSD9	bac	498	R	0	4.66	0.58
G8UL57	bac	544	E	0	39.75	0.61
H0EB31	bac	608	Y	1	6.14	0.67
H0EDI4	euk	569	G	0	13.22	0.83
H0UZQ5	euk	1018	F	1	5.02	0.69
H0WSN6	euk	1154	N	0	7.54	0.78
H0YU56	euk	1002	F	1	5.27	0.73
H1DGQ4	bac	495	E	0	30.08	0.68
H5TEM7	bac	489	Y	1	19.65	0.71
H6SJH5	bac	547	H	1	31.76	0.75
H9G760	euk	966	F	1	7.53	0.69
H9UK99	bac	520	H	1	9.21	0.66
I0IE31	bac	527	D	0	31.88	0.66
I3CBK8	bac	483	E	0	5.54	0.73
J3NJA8	euk	1331	G	0	9.86	0.8
J4I339	euk	882	E	0	17.29	0.79
J9DBI0	euk	1544	K	0	3.99	0.76
K1MF24	bac	472	H	1	29.65	0.68
K2K1Q1	bac	501	H	1	11.21	0.7
K6VN58	bac	505	Y	1	4.2	0.73
K7FS17	euk	430	S	0	8.67	0.77
K9TME6	bac	493	D	0	28.5	0.68
K9U8N6	bac	487	Y	1	25.98	0.68
K9UPW5	bac	501	D	0	23.35	0.71
K9W4C4	bac	487	Y	1	16.81	0.69
K9XW22	bac	484	Y	1	22.51	0.66
K9YMT5	bac	482	D	0	29.7	0.69
L2GLL1	euk	647	K	0	29.17	0.74
L2GS59	euk	931	M	0	3.13	0.79
L5KKB3	euk	1130	Y	1	9.57	1.0
L8N4U5	bac	521	D	0	17.29	0.68
L9KNT5	euk	969	N	0	7.67	0.8
M1VWJ7	euk	1344	Y	1	2.19	0.76
M7BVE0	euk	468	Y	1	19.58	0.53
M7NLA0	euk	1012	M	0	2.49	0.82
M7P128	bac	482	E	0	37.43	0.7
M7TFJ2	euk	397	S	0	37.0	0.8
N1PG42	euk	796	S	0	28.62	0.82
O88700	euk	1169	N	0	7.45	0.78
O93530	euk	980	F	1	14.51	0.72
P15043	bac	489	H	1	7.84	0.66
P35187	euk	1165	S	0	31.05	0.83
P40724	bac	486	I	0	7.8	0.67
P46063	euk	564	Y	1	3.82	1.01
P54132	euk	1164	N	0	7.08	0.76
Q09811	euk	1004	R	0	4.56	0.82
Q0AQ55	bac	496	F	1	6.84	0.64
Q0EW04	bac	487	R	0	11.15	0.74
Q0W3R8	arc	488	Y	1	11.63	0.71
Q14191	euk	1037	F	1	11.47	0.7
Q186Q8	bac	487	R	0	6.86	0.8
Q19546	euk	714	M	0	3.45	0.66
Q1YQ86	bac	480	E	0	7.65	0.71
Q23ED9	euk	899	A	0	8.47	0.7
Q2LQI6	bac	481	Y	1	17.42	0.71
Q2NQG3	bac	501	H	1	5.01	0.69
Q2SQJ7	bac	486	L	0	9.96	0.75
Q2VZB7	bac	488	E	0	9.89	0.74
Q4N265	euk	769	S	0	6.92	0.83
Q54DM3	euk	1012	Y	1	30.95	0.83
Q5A5R4	euk	952	G	0	28.53	0.81
Q5RF63	euk	564	Y	1	8.42	1.01
Q7NHA8	bac	498	D	0	27.9	0.63
Q89XR5	bac	546	Y	1	4.14	0.72
Q8ILG5	euk	649	E	0	19.62	0.78
Q8L840	euk	950	G	0	28.84	0.8
Q8SRI7	euk	713	R	0	26.0	0.73
Q9CL21	bac	502	F	1	5.27	0.69
Q9I920	euk	935	N	0	9.22	0.77
Q9VGI8	euk	1227	D	0	12.17	0.8
R4XFC6	euk	1106	M	0	8.7	0.83
R7Z401	euk	1354	A	0	6.08	0.8
R8BF09	euk	486	K	0	5.46	0.79
R9ALK2	euk	907	Q	0	1.95	0.77
S0FV63	bac	479	Y	1	14.29	0.73
T1FQZ1	euk	396	F	1	12.26	0.58
T1KJR4	euk	838	D	0	9.4	0.77
U1HTB6	euk	1352	S	0	5.15	0.79
U4LPC5	euk	1353	M	0	4.15	0.78
U5D866	bac	484	D	0	27.22	0.7
U7PQV4	euk	1404	L	0	18.94	0.71
V2YAR4	euk	897	A	0	3.97	0.77
V3ZEN8	euk	549	M	0	1.87	0.74
V5FNS9	euk	1218	R	0	7.72	0.79
V5SG65	bac	521	E	0	5.99	0.68
W1NSM6	euk	999	Y	1	26.79	0.76
W1QC66	euk	1013	A	0	29.78	0.82
W4KRR9	euk	649	G	0	33.58	0.83
W9RMQ1	euk	825	G	0	28.53	0.78
X6PCV1	euk	691	Y	1	6.31	0.83
