accession	group	subphylum	engage_res	engage_aa	engage_class	sc_to_3tetrad	contact	G4_folded	pos_frac	n_footprint	fp_basic	fp_aromatic	fp_acidic	fp_polar	fp_hydrophobic	iptm	ranking	protDNA_pae
A0A4C1U0J5	RECQL4-like	Hexapoda	510	R	basic	0.51	1	1	0.534	11	6	1	0	1	3	0.74	0.8	4.58
A0A067RX24	RECQL5-like	Hexapoda	291	S	polar	2.33	1	1	0.43	5	2	0	1	2	0	0.71	0.8	2.17
A0A066WQY1	RECQL5-like	Ustilaginomycotina	607	K	basic	2.6	1	1	0.757	5	1	0	1	2	1	0.73	0.83	3.97
A0A316VIH0	RECQL5-like	Ustilaginomycotina	586	Y	aromatic	2.08	1	1	0.872	3	0	1	0	2	0	0.74	0.82	2.69
A0A154PG82	RECQL5-like	Hexapoda	947	R	basic	1.75	1	1	0.967	7	1	1	2	1	2	0.7	0.84	3.75
A0A067MG16	RECQL5-like	Agaricomycotina	528	Y	aromatic	5.22	0	1	0.754	0	0	0	0	0	0	0.71	0.81	4.38
A0A0L1IV60	RECQL5-like	Pezizomycotina	647	R	basic	2.36	1	0	0.531	5	2	1	1	0	1	0.69	0.72	6.75
A0A388KSR1	RECQL5-like	Streptophytina	481	T	polar	2.6	1	1	0.484	1	0	0	0	1	0	0.65	0.84	4.6
A0A091HBL4	RECQL5-like	Craniata	597	K	basic	0.54	1	0	0.592	8	2	1	1	2	2	0.65	0.81	5.84
A0A0L7LL98	RECQL4-like	Hexapoda	1158	R	basic	1.75	1	0	0.976	10	4	1	1	2	2	0.7	0.81	6.06
A0A6G0ZIR9	RECQL4-like	Hexapoda	49	W	aromatic	3.76	1	1	0.039	1	0	1	0	0	0	0.71	0.84	4.99
A0A4P9ZYF8	RECQL4-like	Kickxellomycotina	1122	M	hydrophobic	1.66	1	1	0.94	4	3	0	0	0	1	0.76	0.88	4.3
A0A0V0R3H2	RECQL5-like	Intramacronucleata	703	Y	aromatic	0.75	1	0	0.645	10	1	3	1	2	3	0.62	0.75	7.11
A0A0C3A231	RECQL5-like	Agaricomycotina	67	R	basic	0.97	1	1	0.078	3	1	1	0	0	1	0.81	0.91	2.88
A0A6L2PQA4	RECQL4-like	Hexapoda	532	Y	aromatic	1.65	1	0	0.42	4	1	1	0	0	2	0.7	0.89	5.91
A0A059EYE9	RECQL5-like		608	K	basic	1.91	1	1	0.835	2	1	0	0	0	1	0.75	0.87	4.48
A0A067QGT0	RECQL5-like	Agaricomycotina	774	E	acidic	0.88	1	0	0.906	11	5	0	1	3	2	0.66	0.79	4.56
A0A6J1X199	RECQL4-like	Hexapoda	1248	R	basic	1.64	1	0	0.977	7	4	0	1	0	2	0.68	0.78	5.38
A0A5N5TNV9	RECQL4-like	Crustacea	719	H	aromatic	1.02	1	0	0.659	13	5	2	2	1	3	0.67	0.83	4.67
A0A091DZ87	RECQL5-like	Craniata	512	M	hydrophobic	0.54	1	0	0.522	7	2	3	0	1	1	0.65	0.8	5.6
A0A087R2D8	RECQL5-like	Craniata	362	F	aromatic	3.06	1	1	0.359	4	1	1	1	1	0	0.66	0.82	5.66
A0A2Y9RS75	RECQL4-like	Craniata	350	K	basic	1.97	1	0	0.279	2	2	0	0	0	0	0.72	0.87	6.0
A0A182QZN3	RECQL4-like	Hexapoda	1253	F	aromatic	1.53	1	0	0.603	16	6	1	2	2	5	0.64	0.8	11.72
A0A7I8KFR2	RECQL4-like	Streptophytina	985	A	hydrophobic	3.47	1	1	0.964	1	0	0	0	0	1	0.75	0.9	4.18
A0A1Y2C5X8	RECQL5-like	Pucciniomycotina	451	K	basic	1.59	1	1	0.474	4	2	1	1	0	0	0.66	0.8	4.42
A0A0L0BVC2	RECQL5-like	Hexapoda	215	Y	aromatic	3.43	1	1	0.577	1	0	1	0	0	0	0.66	0.69	4.95
A0A0B1PAH1	RECQL5-like	Pezizomycotina	388	K	basic	5.64	0	1	0.827	0	0	0	0	0	0	0.72	0.78	2.61
A0A2X0P6D1	RECQL5-like	Pucciniomycotina	973	S	polar	1.74	1	1	0.949	6	4	0	0	1	1	0.64	0.81	5.06
A0A1Z5KAS2	RECQL4-like		1209	Y	aromatic	2.72	1	1	0.975	7	2	1	0	1	3	0.66	0.76	7.64
A0A443SL42	RECQL4-like	Chelicerata	978	R	basic	2.22	1	0	0.821	8	4	3	0	1	0	0.71	0.83	6.27
A0A6A5CCI3	RECQL4-like		91	E	acidic	2.6	1	1	0.103	6	3	0	1	1	1	0.69	0.76	3.61
A0A443RR12	RECQL4-like	Chelicerata	330	K	basic	1.24	1	0	0.285	3	1	1	0	0	1	0.68	0.8	6.84
A0A340XZF4	RECQL4-like	Craniata	108	Y	aromatic	0.57	1	1	0.087	10	5	1	0	2	2	0.69	0.85	5.57
A0A0G4KDX1	RECQL5-like	Pezizomycotina	385	R	basic	5.57	0	1	0.566	0	0	0	0	0	0	0.62	0.62	5.26
A0A1S3HUA9	RECQL5-like	Linguliformea	465	D	acidic	0.88	1	1	0.457	6	1	1	1	2	1	0.75	0.92	3.8
A0A6J2DXV9	RECQL4-like	Craniata	907	H	aromatic	1.72	1	0	0.709	13	3	3	1	1	5	0.7	0.87	5.92
A0A1U7LIR4	RECQL5-like	Taphrinomycotina	757	K	basic	4.07	0	1	0.812	0	0	0	0	0	0	0.63	0.7	4.65
A0A5N3W323	RECQL4-like	Craniata	349	R	basic	1.21	1	1	0.286	9	3	1	0	4	1	0.74	0.89	6.31
A0A316U1V6	RECQL5-like	Ustilaginomycotina	633	Y	aromatic	4.85	0	1	0.688	0	0	0	0	0	0	0.71	0.88	5.46
A0A2U3VZ55	RECQL4-like	Craniata	362	W	aromatic	1.27	1	1	0.305	6	1	2	0	2	1	0.73	0.86	5.94
A0A1S3W2K0	RECQL4-like	Craniata	1166	R	basic	2.2	1	0	0.977	8	4	2	0	1	1	0.67	0.81	5.85
A0A087US47	RECQL5-like	Chelicerata	607	G	hydrophobic	2.5	1	1	0.659	1	0	0	0	0	1	0.66	0.8	4.64
A0A5N4CH52	RECQL4-like	Craniata	365	K	basic	1.63	1	0	0.295	5	4	0	0	0	1	0.69	0.86	7.01
A0A433QBW6	RECQL4-like	Mucoromycotina	888	L	hydrophobic	1.17	1	0	0.962	7	1	2	0	0	4	0.67	0.76	3.65
A0A1V9WY99	RECQL4-like	Chelicerata	1014	R	basic	0.65	1	1	0.969	3	2	1	0	0	0	0.65	0.79	5.73
A0A8J2WSZ9	RECQL4-like		1100	Q	polar	3.99	1	0	0.946	1	0	0	0	1	0	0.63	0.73	8.78
A0A075A2A2	RECQL4-like		353	R	basic	0.22	1	0	0.29	8	3	2	1	1	1	0.65	0.81	14.27
A0A9N9I0A8	RECQL5-like	Glomeromycotina	514	R	basic	0.83	1	0	0.404	10	2	1	1	4	2	0.66	0.67	5.74
A0A9Q0M8K9	RECQL4-like	Chelicerata	25	R	basic	0.52	1	1	0.018	6	4	1	1	0	0	0.65	0.83	6.69
A0A9Q1QF30	RECQL4-like	Streptophytina	875	K	basic	3.2	1	1	0.933	2	2	0	0	0	0	0.74	0.87	3.66
A0A7M7MJX8	RECQL5-like	Chelicerata	538	I	hydrophobic	1.63	1	1	0.457	3	0	0	1	0	2	0.71	0.91	6.04
A0A7J7KRR5	RECQL4-like		363	H	aromatic	2.5	1	0	0.304	2	0	1	0	1	0	0.61	0.75	10.54
A0A9N8ZLQ7	RECQL5-like	Glomeromycotina	816	R	basic	0.37	1	1	0.99	4	2	1	0	1	0	0.81	0.96	3.0
A0A9N9JGJ9	RECQL5-like	Glomeromycotina	112	I	hydrophobic	1.33	1	1	0.407	8	0	0	1	3	4	0.8	0.81	3.12
A0A058ZFU5	RECQL5-like		584	S	polar	2.11	1	1	0.768	6	2	0	0	3	1	0.81	0.87	3.23
O94761	RECQL4-like	Craniata	355	R	basic	2.24	1	1	0.293	5	2	1	1	0	1	0.68	0.83	7.05
A0A8S1C8Z2	RECQL4-like	Hexapoda	421	G	hydrophobic	0.68	1	0	0.333	4	3	0	0	0	1	0.75	0.9	5.24
A0A5N5I2J6	RECQL5-like	Streptophytina	838	F	aromatic	3.84	1	0	0.702	1	0	1	0	0	0	0.63	0.7	5.21
A0A0G4IV69	RECQL4-like		962	Y	aromatic	2.93	1	0	0.93	4	2	1	0	1	0	0.6	0.76	5.02
A0A8T0GYV6	RECQL4-like	Streptophytina	1181	Y	aromatic	1.29	1	1	0.967	3	0	2	0	1	0	0.71	0.89	5.82
A0A8B7QB23	RECQL4-like	Craniata	811	R	basic	1.37	1	1	0.495	3	3	0	0	0	0	0.76	0.88	3.56
A0A5N6QVT9	RECQL5-like	Streptophytina	745	R	basic	1.74	1	1	0.753	2	1	0	0	0	1	0.75	0.86	3.36
A0DX38	RECQL4-like	Intramacronucleata	198	K	basic	4.93	0	1	0.203	0	0	0	0	0	0	0.68	0.8	2.69
A0A835DGJ2	RECQL4-like	Streptophytina	559	L	hydrophobic	3.22	1	1	0.566	2	0	0	0	1	1	0.67	0.82	5.15
A0A023B712	RECQL5-like		1088	N	polar	4.7	0	1	0.956	0	0	0	0	0	0	0.85	1.05	3.4
A0A8K0EVA0	RECQL5-like	Cephalochordata	373	F	aromatic	3.15	1	1	0.364	1	0	1	0	0	0	0.66	0.81	4.64
A0A7R8CJN7	RECQL5-like	Crustacea	623	R	basic	1.25	1	0	0.618	5	2	1	0	0	2	0.67	0.81	4.33
A0A7R9KXZ8	RECQL4-like	Chelicerata	961	W	aromatic	2.42	1	1	0.831	1	0	1	0	0	0	0.67	0.82	4.96
A0A6A4VUN9	RECQL5-like	Crustacea	699	R	basic	4.33	0	1	0.989	0	0	0	0	0	0	0.73	0.8	2.92
A0AAD2D3K5	RECQL5-like	Intramacronucleata	599	K	basic	2.1	1	1	0.612	2	1	0	0	1	0	0.74	0.85	3.13
A0A067C5D1	RECQL4-like		90	R	basic	1.46	1	1	0.082	2	2	0	0	0	0	0.72	0.84	3.56
A0AAW1JV18	RECQL4-like	Streptophytina	894	H	aromatic	3.43	1	1	0.965	1	0	1	0	0	0	0.76	0.88	2.89
A0A8T2QPA7	RECQL4-like	Streptophytina	309	R	basic	1.57	1	0	0.243	5	2	1	0	0	2	0.7	0.82	3.73
A0A834R357	RECQL5-like	Chelicerata	562	Y	aromatic	2.72	1	0	0.469	7	3	1	0	2	1	0.69	0.69	5.13
A0A9P6NZH0	RECQL5-like	Pucciniomycotina	626	Q	polar	7.48	0	1	0.885	0	0	0	0	0	0	0.76	0.82	2.06
A0A8H7ZPJ8	RECQL5-like	Olpidiomycotina	248	K	basic	1.9	1	1	0.514	4	2	1	0	1	0	0.86	0.88	1.45
A0A8J2QF40	RECQL4-like	Hexapoda	841	R	basic	1.55	1	0	0.657	2	2	0	0	0	0	0.64	0.79	8.24
A0A553NET4	RECQL5-like	Crustacea	368	F	aromatic	3.11	1	0	0.313	1	0	1	0	0	0	0.66	0.74	4.8
O94762	RECQL5-like	Craniata	373	F	aromatic	3.14	1	1	0.376	1	0	1	0	0	0	0.67	0.82	4.86
A0ACC0YJE4	RECQL4-like	Streptophytina	523	F	aromatic	1.83	1	1	0.549	3	0	1	0	0	2	0.66	0.78	5.06
T1JCG8	RECQL5-like	Myriapoda	520	E	acidic	1.49	1	1	0.425	1	0	0	1	0	0	0.67	0.85	5.2
A0A9Q0K4D9	RECQL4-like	Streptophytina	924	T	polar	2.47	1	1	0.962	2	1	0	0	1	0	0.75	0.88	3.35
