aln_col	state	max_posterior	clade_gap_frac	kept
1	T	0.688	0.005	TRUE
2	L	1	0	TRUE
3	S	1	0	TRUE
4	E	0.989	0	TRUE
5	E	1	0	TRUE
6	Q	1	0	TRUE
7	Q	0.997	0	TRUE
8	H	0.966	0	TRUE
9	V	1	0	TRUE
10	L	0.604	0	TRUE
11	D	0.961	0	TRUE
12	M	0.788	0	TRUE
13	V	1	0	TRUE
14	V	0.752	0	TRUE
15	N	0.949	0.543	FALSE
16	Q	0.915	0	TRUE
17	G	0.995	0	TRUE
18	K	0.942	0	TRUE
19	S	1	0	TRUE
20	I	0.769	0	TRUE
21	F	1	0	TRUE
22	F	0.936	0	TRUE
23	T	1	0	TRUE
24	G	1	0	TRUE
25	S	1	0	TRUE
26	A	1	0	TRUE
27	G	1	0	TRUE
28	T	1	0	TRUE
29	G	1	0	TRUE
30	K	1	0	TRUE
31	S	1	0	TRUE
32	V	1	0	TRUE
33	L	1	0	TRUE
34	L	1	0	TRUE
35	R	1	0	TRUE
36	E	0.968	0	TRUE
37	I	0.996	0	TRUE
38	I	1	0	TRUE
39	K	0.996	0	TRUE
40	R	0.939	0	TRUE
41	L	1	0	TRUE
42	R	0.999	0	TRUE
43	K	0.477	0	TRUE
44	K	0.998	0	TRUE
45	Y	1	0	TRUE
46	G	1	0.036	TRUE
47	K	0.641	0.995	FALSE
48	S	0.263	0.995	FALSE
49	P	1	0.086	TRUE
50	D	0.996	0.02	TRUE
51	S	0.989	0.096	TRUE
52	V	1	0	TRUE
53	A	1	0	TRUE
54	V	1	0	TRUE
55	T	1	0	TRUE
56	A	1	0	TRUE
57	S	1	0	TRUE
58	T	1	0	TRUE
59	G	1	0	TRUE
60	L	0.999	0	TRUE
61	A	1	0	TRUE
62	A	1	0	TRUE
63	C	0.964	0	TRUE
64	N	1	0	TRUE
65	I	1	0	TRUE
66	G	1	0	TRUE
67	G	1	0	TRUE
68	T	0.843	0	TRUE
69	T	1	0	TRUE
70	L	0.971	0	TRUE
71	H	1	0	TRUE
72	S	0.761	0	TRUE
73	F	1	0	TRUE
74	A	1	0	TRUE
75	G	1	0	TRUE
76	I	1	0	TRUE
77	G	1	0	TRUE
78	L	1	0	TRUE
79	G	1	0	TRUE
80	N	0.97	0	TRUE
81	E	0.998	0	TRUE
82	S	0.832	0	TRUE
83	V	0.969	0	TRUE
84	E	0.866	0	TRUE
85	Q	0.505	0	TRUE
86	L	1	0	TRUE
87	V	0.922	0	TRUE
88	K	0.997	0	TRUE
89	K	0.969	0	TRUE
90	I	0.934	0	TRUE
91	R	0.984	0	TRUE
92	R	0.961	0	TRUE
93	N	1	0.01	TRUE
94	K	0.581	0.01	TRUE
95	K	0.997	0	TRUE
96	S	0.52	0	TRUE
97	R	0.896	0	TRUE
98	Q	0.772	0	TRUE
99	R	1	0	TRUE
100	W	1	0	TRUE
101	R	0.866	0	TRUE
102	N	0.831	0	TRUE
103	T	1	0	TRUE
104	K	0.999	0	TRUE
105	V	1	0	TRUE
106	L	1	0	TRUE
107	I	1	0	TRUE
108	I	1	0	TRUE
109	D	1	0	TRUE
110	E	1	0	TRUE
111	I	1	0	TRUE
112	S	1	0	TRUE
113	M	1	0	TRUE
114	I	0.996	0	TRUE
115	D	1	0	TRUE
116	G	1	0	TRUE
117	E	0.888	0	TRUE
118	L	1	0	TRUE
119	F	1	0	TRUE
120	D	1	0	TRUE
121	K	1	0	TRUE
122	L	1	0	TRUE
123	D	0.893	0	TRUE
124	Q	0.672	0	TRUE
125	I	0.999	0	TRUE
126	A	1	0	TRUE
127	R	0.951	0	TRUE
128	K	0.836	0	TRUE
129	I	0.961	0	TRUE
130	R	1	0	TRUE
131	K	0.998	0	TRUE
132	N	1	0.005	TRUE
133	D	0.94	0	TRUE
134	K	0.893	0	TRUE
135	P	1	0	TRUE
136	F	1	0	TRUE
137	G	1	0	TRUE
138	G	1	0	TRUE
139	I	1	0	TRUE
140	Q	1	0	TRUE
141	L	0.999	0	TRUE
142	V	0.965	0	TRUE
143	I	0.5	0	TRUE
144	T	1	0	TRUE
145	G	1	0	TRUE
146	D	1	0	TRUE
147	F	1	0	TRUE
148	F	1	0	TRUE
149	Q	1	0	TRUE
150	L	1	0	TRUE
151	P	1	0	TRUE
152	P	1	0	TRUE
153	V	1	0	TRUE
154	S	1	0.005	TRUE
155	K	1	0.01	TRUE
156	D	0.424	0.34	TRUE
157	N	0.914	0.335	TRUE
158	N	0.553	0.269	TRUE
159	Q	0.61	0.259	TRUE
160	P	0.917	0.345	TRUE
161	A	0.995	0.066	TRUE
162	K	0.997	0.02	TRUE
163	F	1	0	TRUE
164	C	1	0	TRUE
165	F	1	0	TRUE
166	E	0.999	0	TRUE
167	S	0.93	0	TRUE
168	E	0.983	0	TRUE
169	S	0.76	0	TRUE
170	W	1	0	TRUE
171	K	0.973	0	TRUE
172	E	0.798	0	TRUE
173	C	0.999	0	TRUE
174	I	1	0	TRUE
175	K	0.807	0	TRUE
176	H	1	0	TRUE
177	T	1	0	TRUE
178	I	1	0	TRUE
179	V	0.536	0	TRUE
180	L	1	0	TRUE
181	T	0.999	0	TRUE
182	Q	1	0	TRUE
183	V	1	0	TRUE
184	F	1	0	TRUE
185	R	1	0	TRUE
186	Q	1	0	TRUE
187	K	1	0	TRUE
188	D	1	0	TRUE
189	N	0.592	0	TRUE
190	E	0.994	0	TRUE
191	F	1	0	TRUE
192	I	0.989	0	TRUE
193	D	0.996	0	TRUE
194	M	1	0	TRUE
195	L	1	0	TRUE
196	N	1	0	TRUE
197	E	0.954	0	TRUE
198	M	0.996	0	TRUE
199	R	1	0	TRUE
200	L	0.996	0	TRUE
201	G	1	0	TRUE
202	K	0.941	0.005	TRUE
203	L	0.459	0.005	TRUE
204	S	0.993	0.02	TRUE
205	P	1	0.025	TRUE
206	E	0.997	0.025	TRUE
207	T	0.911	0.081	TRUE
208	E	0.941	0.203	TRUE
209	Q	0.582	0.335	TRUE
