accession	wedge_res	wedge_aa	group
A0A0C7N4Y2	352	R	ascomycota
A0A0W4ZHZ4	378	K	ascomycota
A0A0W4ZNJ0	412	R	ascomycota
A0A1G4K4H6	374	R	ascomycota
A0A2P7YPG7	297	R	ascomycota
A5DHA1	254	S	ascomycota
B6K513	401	K	ascomycota
C4R0P2	320	R	ascomycota
G0V5V7	366	R	ascomycota
G0WAI2	364	R	ascomycota
G8BK92	369	R	ascomycota
G8BQC5	439	R	ascomycota
G8JMQ5	366	R	ascomycota
G8ZST6	417	R	ascomycota
H2AZM3	309	R	ascomycota
I2H566	333	R	ascomycota
J7S6X7	342	R	ascomycota
M7P7M8	392	K	ascomycota
P07271	324	R	ascomycota
P38766	320	S	ascomycota
Q59RQ0	455	R	ascomycota
Q6BQK7	359	R	ascomycota
Q6FKI9	346	R	ascomycota
Q9UUA2	400	K	ascomycota
S9PVT1	387	K	ascomycota
S9X0K1	387	K	ascomycota
W1QEW7	341	R	ascomycota
W6MNR6	303	R	ascomycota
A0A066XBE3	410	R	ascomycota
A0A098E1Q1	449	R	ascomycota
A0A0A8L254	296	R	ascomycota
A0A0A8L495	293	R	ascomycota
A0A0D2HCP1	348	R	ascomycota
A0A0D2IYR0	338	R	ascomycota
A0A0E9NJD1	515	K	ascomycota
A0A0F8UK25	336	R	ascomycota
A0A0G2G6N1	328	K	ascomycota
A0A0G4N7A9	428	R	ascomycota
A0A0G4PIW6	359	K	ascomycota
A0A0X8HVB8	319	R	ascomycota
A0A135UEW1	398	R	ascomycota
A0A162ZNR2	399	R	ascomycota
A0A166QWJ6	455	R	ascomycota
A0A167DT29	306	K	ascomycota
A0A178CX55	341	R	ascomycota
A0A178FD44	347	R	ascomycota
A0A1B2JBB9	343	R	ascomycota
A0A1E3B484	314	R	ascomycota
A0A1F8AAX5	325	K	ascomycota
A0A1G4B3T3	443	R	ascomycota
A0A1G4J9Z3	287	R	ascomycota
A0A1G4M6R4	292	R	ascomycota
A0A1J9QLP1	260	K	ascomycota
A0A1L7WWW9	491	R	ascomycota
A0A1V6U152	365	K	ascomycota
A0A1W5D893	440	R	ascomycota
A0A2A9PT09	414	R	ascomycota
A0A2C5WV42	413	R	ascomycota
A0A2C5Z163	370	R	ascomycota
A0A2G7FQB8	325	K	ascomycota
A0A2S4L8F3	390	R	ascomycota
A0A2S4Q1N6	475	R	ascomycota
A0A2T0FEC6	200	K	ascomycota
A0A2U9RAS2	272	K	ascomycota
A0A370TV91	450	R	ascomycota
A0A3D8QMU0	332	K	ascomycota
A0A401KJ13	331	K	ascomycota
A0A420Y4N6	457	R	ascomycota
A0A423X8J6	335	R	ascomycota
A0A4P6XHN0	275	K	ascomycota
A0A4Q4SNS4	385	R	ascomycota
A0A4Q4SW76	386	R	ascomycota
A0A4R8TC14	407	R	ascomycota
A0A4T0X234	261	K	ascomycota
A0A4Z1I1P6	475	K	ascomycota
A0A5E8BJL0	228	K	ascomycota
A0A5M3Z9B9	337	R	ascomycota
A0A6H0XK98	390	R	ascomycota
A0A7D8YNF5	488	R	ascomycota
A0A8E5HVQ8	437	R	ascomycota
A0A8H3WE31	420	R	ascomycota
A0A8H5T131	397	R	ascomycota
A0A8J2T8D0	243	G	ascomycota
A0A8J8WMJ2	327	K	ascomycota
A0A8K0LFH0	502	R	ascomycota
A0A8T9C083	456	R	ascomycota
A0A9N9L4M2	487	R	ascomycota
A0A9P5AP51	395	R	ascomycota
A0A9P5F6D8	420	R	ascomycota
A0A9P5IFU8	475	K	ascomycota
A0A9P7HAM0	396	R	ascomycota
A0A9P8NYE8	349	R	ascomycota
A0A9P8TS07	440	R	ascomycota
A0A9Q8LAV6	498	R	ascomycota
A0A9Q8QLM5	439	R	ascomycota
A0A9W9HYZ6	327	K	ascomycota
A0A9W9RW94	350	K	ascomycota
A0AAD9T215	497	R	ascomycota
A0AAI9SXC1	236	K	ascomycota
Q5AXT5	329	K	ascomycota
A0A010SLY8	484	R	ascomycota
A0A0A2KKZ8	318	K	ascomycota
A0A0C7N9H1	262	R	ascomycota
A0A0D2AM31	733	R	ascomycota
A0A0D2CU01	368	R	ascomycota
A0A0F4GSW0	471	R	ascomycota
A0A0F7TPW7	327	K	ascomycota
A0A0F8V674	382	R	ascomycota
A0A0J9X617	327	R	ascomycota
A0A0J9XD28	399	R	ascomycota
A0A0L1J6G6	327	K	ascomycota
A0A0P1KUZ5	286	R	ascomycota
A0A0U1LMZ8	335	K	ascomycota
A0A0U5FW00	380	K	ascomycota
A0A179UY81	348	R	ascomycota
A0A194VFA7	402	R	ascomycota
A0A1E1KHD1	457	R	ascomycota
A0A1E5R2E4	363	R	ascomycota
A0A1E5RH49	440	R	ascomycota
A0A1E5RYU5	355	K	ascomycota
A0A1G4JAR2	280	R	ascomycota
A0A1G4JJ13	371	R	ascomycota
A0A1G4KK60	364	R	ascomycota
A0A1G4M6E1	432	R	ascomycota
A0A1J9QG29	349	R	ascomycota
A0A1L0D0Q5	352	K	ascomycota
A0A1L7VNC0	398	R	ascomycota
A0A1X7R554	355	K	ascomycota
A0A218YVE5	446	R	ascomycota
A0A232LWR6	357	K	ascomycota
A0A292Q3K7	457	K	ascomycota
A0A2B7WVK7	332	R	ascomycota
A0A2D3UXI5	419	K	ascomycota
A0A2K1QRC5	432	R	ascomycota
A0A2S6CBW7	508	K	ascomycota
A0A2V1A9H7	297	R	ascomycota
A0A2V1ALF0	320	R	ascomycota
A0A2W1ERC3	389	R	ascomycota
A0A364L1Q7	383	K	ascomycota
A0A367L4D8	418	R	ascomycota
A0A367YDY7	341	R	ascomycota
A0A384JQ16	477	K	ascomycota
A0A423WMC8	199	K	ascomycota
A0A448YGA8	372	R	ascomycota
A0A448YPH1	229	K	ascomycota
A0A4Y8D3B0	475	K	ascomycota
A0A4Z0Z973	418	R	ascomycota
A0A507AHL1	421	R	ascomycota
A0A5Q4C7C0	408	R	ascomycota
A0A6A6V6U0	429	R	ascomycota
A0A6V8H3K1	342	K	ascomycota
A0A7H8QY08	377	K	ascomycota
A0A8G0PM48	426	R	ascomycota
A0A8H2ZKI7	375	R	ascomycota
A0A8H4ISW3	440	R	ascomycota
A0A8H4KSP0	400	R	ascomycota
A0A8H4L6X0	389	R	ascomycota
A0A8H4XL08	433	R	ascomycota
A0A8H5VWV3	397	R	ascomycota
A0A8H5XTU0	398	R	ascomycota
A0A8H6U8X2	454	R	ascomycota
A0A8H6UTP6	329	R	ascomycota
A0A8H6VE95	514	R	ascomycota
A0A9N8P9K6	492	R	ascomycota
A0A9N9LYP1	487	R	ascomycota
A0A9N9Y4Q8	388	R	ascomycota
A0A9P0QRK9	334	A	ascomycota
A0A9P4YU51	450	R	ascomycota
A0A9P8M8W8	390	R	ascomycota
A0A9P8SF62	362	R	ascomycota
A0A9P9XSS9	397	R	ascomycota
A0A9W7DE56	353	R	ascomycota
A0A9W7SU85	425	R	ascomycota
A0A9W8N7W2	315	R	ascomycota
A0A9W9FVK9	321	K	ascomycota
A0A9W9KB48	327	R	ascomycota
A0A9W9TVT2	298	K	ascomycota
A0A9W9WZB3	361	K	ascomycota
A0A9W9XDN3	257	K	ascomycota
A0AA35IR82	324	R	ascomycota
A0AAV9SU16	409	R	ascomycota
A0AAV9UWD6	394	R	ascomycota
A0AB34KML8	477	R	ascomycota
A0ABN8WKL1	328	T	ascomycota
A0ABQ8N742	444	R	ascomycota
A0ABQ8WGQ7	318	K	ascomycota
A0ABR2V6U6	453	R	ascomycota
A0ABY6SM04	408	R	ascomycota
B3LLJ4	324	R	ascomycota
B6Q6C2	382	K	ascomycota
C5DFL7	379	R	ascomycota
C5DM92	286	R	ascomycota
C5MAG5	400	R	ascomycota
E4V3W1	347	R	ascomycota
E9ETX6	390	R	ascomycota
G4N540	444	R	ascomycota
J5JW44	405	R	ascomycota
M1WCW3	404	R	ascomycota
Q6CEU3	622	R	ascomycota
W9CKN3	467	K	ascomycota
A0A022Y865	347	R	ascomycota
A0A0A1TS53	452	R	ascomycota
A0A0D2H657	341	R	ascomycota
A0A0H1B6P3	348	R	ascomycota
A0A0L0NDI1	430	R	ascomycota
A0A0M8P8W8	290	K	ascomycota
A0A0P1KKU7	378	R	ascomycota
A0A135TU94	397	R	ascomycota
A0A168CGZ8	404	R	ascomycota
A0A168ISU5	409	R	ascomycota
A0A177FGZ4	341	R	ascomycota
A0A1B8AKF1	395	R	ascomycota
A0A1E1KSW3	457	R	ascomycota
A0A1W2TKN4	397	R	ascomycota
A0A1Z5T4Y1	495	K	ascomycota
A0A2B7X4F7	348	R	ascomycota
A0A2H0ZLB1	361	R	ascomycota
A0A2H2ZNG2	441	R	ascomycota
A0A2N3NCB3	435	R	ascomycota
A0A2P7Z3W1	432	R	ascomycota
A0A366QY50	396	R	ascomycota
A0A376BA80	337	N	ascomycota
A0A395SEG8	398	R	ascomycota
A0A3A2ZL16	333	R	ascomycota
A0A3D8SQV1	441	K	ascomycota
A0A420HWK8	492	R	ascomycota
A0A484FKH5	684	R	ascomycota
A0A4Q4P3R5	385	R	ascomycota
A0A4Z1FQZ2	472	K	ascomycota
A0A4Z1H1E5	475	K	ascomycota
A0A4Z1I5K8	475	K	ascomycota
A0A4Z1JM45	476	K	ascomycota
A0A4Z1NVH7	575	R	ascomycota
A0A5E8B6K8	190	R	ascomycota
A0A5N6K1H9	473	K	ascomycota
A0A642UJS9	461	R	ascomycota
A0A7C8MWI0	208	R	ascomycota
A0A7G3ZIW5	271	K	ascomycota
A0A7U2QU03	343	R	ascomycota
A0A8H2ZM85	476	K	ascomycota
A0A8H4Q9J7	374	R	ascomycota
A0A8H4T2Y1	398	R	ascomycota
A0A8H4YPP2	398	R	ascomycota
A0A8H5J614	397	R	ascomycota
A0A8H5UR89	397	R	ascomycota
A0A8H6KXX6	463	R	ascomycota
A0A8H8RV52	447	R	ascomycota
A0A8J2TAJ9	342	R	ascomycota
A0A8T9B5J8	451	R	ascomycota
A0A9P0QU44	300	K	ascomycota
A0A9P3CP80	508	K	ascomycota
A0A9P6VJM9	445	R	ascomycota
A0A9P8Q4R9	285	N	ascomycota
A0A9Q8SIE6	486	R	ascomycota
A0A9Q9EGB7	427	R	ascomycota
A0A9W4UE87	459	R	ascomycota
A0AA35J0E4	320	S	ascomycota
A0AAD4IFY3	385	R	ascomycota
A0AAD5BBM1	465	R	ascomycota
A0AAD6GIB4	369	K	ascomycota
A0AAD9AKZ3	463	R	ascomycota
A0AAD9Y213	453	R	ascomycota
A0AAE9W8S9	387	K	ascomycota
A0AAI9TIH2	289	K	ascomycota
A0AAV5QDJ4	266	K	ascomycota
A0AAV5QKF6	484	R	ascomycota
A0AAX4HF17	262	R	ascomycota
A0AB34G0U3	1071	R	ascomycota
A0ABP2EZZ6	348	R	ascomycota
A0ABQ7RSC4	341	R	ascomycota
A0ABQ9SFB4	397	R	ascomycota
A0ABR0HK82	473	R	ascomycota
A0ABR0TKY5	514	R	ascomycota
A0ABR1PTT1	462	R	ascomycota
A0ABR1RLE4	400	R	ascomycota
A0ABR1VZW9	380	R	ascomycota
A0ABR3DMS4	504	R	ascomycota
A0ABR3Y3X8	394	R	ascomycota
A0ABR4P0R8	279	R	ascomycota
A0ABX6EXJ8	327	R	ascomycota
A0ABX6F0Q7	290	R	ascomycota
A0ABX8I2X5	255	K	ascomycota
A0ABX8I4W3	297	R	ascomycota
A2R3M6	377	K	ascomycota
C4JUZ0	236	R	ascomycota
D4B4E8	347	R	ascomycota
D4DAK6	347	R	ascomycota
F2PR25	382	R	ascomycota
F2S1K4	343	R	ascomycota
G0S6L7	391	R	ascomycota
G1WZ06	522	R	ascomycota
I2H165	310	K	ascomycota
K0KM86	510	K	ascomycota
K3UQF6	398	R	ascomycota
N1RU73	397	R	ascomycota
R4XBB5	371	R	ascomycota
S7ZUF7	328	K	ascomycota
U1GI40	306	R	ascomycota
W6MM08	289	S	ascomycota
W7HWQ6	273	R	ascomycota
A0A086SVX6	380	R	ascomycota
A0A090CWN8	408	R	ascomycota
A0A0A2KQC3	318	K	ascomycota
A0A0D9NSG7	390	R	ascomycota
A0A0F4YPA8	284	K	ascomycota
A0A0F4ZHF8	304	R	ascomycota
A0A0G4KXU7	428	R	ascomycota
A0A0M9VTS8	419	R	ascomycota
A0A0N0DEY4	398	R	ascomycota
A0A0P7BBB4	400	R	ascomycota
A0A135LFH1	317	K	ascomycota
A0A139HGG1	453	R	ascomycota
A0A139IDY3	497	R	ascomycota
A0A151GWK7	438	R	ascomycota
A0A166NVT2	410	R	ascomycota
A0A166U4T1	1077	R	ascomycota
A0A168C8M9	426	G	ascomycota
A0A1C1C9U7	337	R	ascomycota
A0A1E5R8N0	352	K	ascomycota
A0A1G4KDP5	312	R	ascomycota
A0A1G4KMC5	268	R	ascomycota
A0A1J9QQT4	234	K	ascomycota
A0A1J9S2U9	438	R	ascomycota
A0A1L0BTK2	261	R	ascomycota
A0A1Q2YI20	314	R	ascomycota
A0A1Q8RAQ6	410	R	ascomycota
A0A1T3CVP8	426	R	ascomycota
A0A1V6QBT2	312	K	ascomycota
A0A1V6RMZ5	316	K	ascomycota
A0A1V6RZK0	360	K	ascomycota
A0A1V6V0V5	313	K	ascomycota
A0A1V6Z3Y5	361	K	ascomycota
A0A1X7RKD9	418	R	ascomycota
A0A1Y2M700	397	R	ascomycota
A0A2C5XF89	399	R	ascomycota
A0A2K0WHU4	398	R	ascomycota
A0A2K3Q965	431	R	ascomycota
A0A2P6FGS0	542	R	ascomycota
A0A2T4GQX9	433	R	ascomycota
A0A2U3EBL3	530	R	ascomycota
A0A2V1AQV1	261	R	ascomycota
A0A367YAA9	214	K	ascomycota
A0A367YJV1	214	R	ascomycota
A0A367YKM2	341	R	ascomycota
A0A395NCI1	426	R	ascomycota
A0A423XFI1	350	R	ascomycota
A0A423XK23	161	T	ascomycota
A0A9W8UIP0	409	R	ascomycota
A0A9W9RAK9	359	K	ascomycota
A0A9W9XR84	360	K	ascomycota
A0AA35NL61	324	R	ascomycota
A0AA38VV67	404	R	ascomycota
A0AA39L6U6	435	R	ascomycota
A0AAD5RWL4	472	R	ascomycota
A0AAD6H8K2	316	K	ascomycota
A0AAD6MU90	355	K	ascomycota
A0AAD9I3P7	115	K	ascomycota
A0AAE8SVQ8	422	R	ascomycota
A0AAI8YJ59	445	K	ascomycota
A0AAI9XWQ1	397	R	ascomycota
A0AAQ3M7G8	440	R	ascomycota
A0AAV5R7D5	281	K	ascomycota
A0AAV9X1R8	557	R	ascomycota
A0AAX4HXM9	454	R	ascomycota
A0ABN8VSG3	328	S	ascomycota
A0ABP0EFL8	429	R	ascomycota
A0ABQ7IPQ8	476	K	ascomycota
A0ABQ9RPP9	397	R	ascomycota
A0ABR0F5M0	473	R	ascomycota
A0ABR0G3Y6	473	R	ascomycota
A0ABR0SAG8	415	R	ascomycota
A0ABR1RWV5	461	R	ascomycota
A0ABR3P4W3	448	R	ascomycota
A0ABR4D136	534	R	ascomycota
A0ABR4F3V5	165	T	ascomycota
A0ABR4MDG3	360	R	ascomycota
A0ABR4NXG5	424	R	ascomycota
A0ABY0HA38	379	R	ascomycota
A0ABY6US88	388	R	ascomycota
A7EDF0	477	K	ascomycota
A7TJ00	329	R	ascomycota
B3LSF2	320	S	ascomycota
B8LYE9	388	K	ascomycota
B9WMD7	456	R	ascomycota
C1GI25	365	R	ascomycota
C5E0W3	242	K	ascomycota
E9DY51	494	R	ascomycota
F0XHJ8	422	R	ascomycota
F2T115	347	R	ascomycota
G0W9L4	355	R	ascomycota
G3JM88	413	R	ascomycota
G8JWH4	321	K	ascomycota
G8ZVF0	263	K	ascomycota
H6BKX2	354	R	ascomycota
J7S460	316	R	ascomycota
K1WPA9	456	R	ascomycota
L2G0F7	420	R	ascomycota
Q4WVU7	373	R	ascomycota
Q6FPW0	299	R	ascomycota
Q756Y6	285	R	ascomycota
A0A084APH7	382	R	ascomycota
A0A084GDF4	1508	R	ascomycota
A0A084QU30	383	R	ascomycota
A0A0B1PEI0	449	R	ascomycota
A0A0B2X4N9	381	K	ascomycota
A0A0C4EG66	472	R	ascomycota
A0A0D1ZHZ9	394	R	ascomycota
A0A0D2J3X0	343	R	ascomycota
A0A0D8JVN0	307	R	ascomycota
A0A0F7ZTC5	429	R	ascomycota
A0A0F8DHR2	295	R	ascomycota
A0A0G2I193	395	R	ascomycota
A0A0N1NVW2	299	R	ascomycota
A0A101MLQ9	316	K	ascomycota
A0A109UW77	289	K	ascomycota
A0A135SIN3	397	R	ascomycota
A0A161HKE9	514	R	ascomycota
A0A167F3J3	436	R	ascomycota
A0A167H2R5	406	R	ascomycota
A0A167TDW9	521	R	ascomycota
A0A175VPZ7	405	R	ascomycota
A0A178ZSD6	361	R	ascomycota
A0A179FR29	404	R	ascomycota
A0A4P6XSZ4	466	R	ascomycota
A0A4R8QEN4	692	R	ascomycota
A0A4S8RIP6	475	K	ascomycota
A0A4V3HXL6	407	R	ascomycota
A0A4V3UMW7	324	K	ascomycota
A0A4Z1EL52	475	K	ascomycota
A0A4Z1L1J9	426	K	ascomycota
A0A5M9JJ09		-	ascomycota
A0A5N5DHG1	446	R	ascomycota
A0A7D5Z7W4	389	R	ascomycota
A0A7H9AW24	295	K	ascomycota
A0A7H9B3W0	458	R	ascomycota
A0A8H4NYZ8	397	R	ascomycota
A0A8H4PTP3	431	R	ascomycota
A0A8H4T3M7	397	R	ascomycota
A0A8H5N1Z6	398	R	ascomycota
A0A8H5UMM3	398	R	ascomycota
A0A8H5V583	397	R	ascomycota
A0A8H5X4H1	396	R	ascomycota
A0A8H8D9N3	424	R	ascomycota
A0A8H8QV95	490	R	ascomycota
A0A8H8RJD5	490	R	ascomycota
A0A9N9YLT0	388	R	ascomycota
A0A9P4X3G5	430	R	ascomycota
A0A9P7IRT1	424	R	ascomycota
A0A9W9HNM9	357	K	ascomycota
A0A9W9JQ30	360	K	ascomycota
A0A9W9M2N2	314	K	ascomycota
A0A9W9PWX5	328	K	ascomycota
A0A9W9V6L1	327	K	ascomycota
A0A9X0BA58	377	K	ascomycota
A0AAD6E3Q9	298	K	ascomycota
A0AAD6IDC6	354	K	ascomycota
A0AAE1J0Y1	432	R	ascomycota
A0AAE8M1S2	396	R	ascomycota
A0AAI9UII0	397	R	ascomycota
A0AAJ0E579	397	R	ascomycota
A0AAN5Z088	450	R	ascomycota
A0AAN6NX75	504	R	ascomycota
A0AAN7BLM5	419	R	ascomycota
A0AAV5QX45	372	R	ascomycota
A0AAV5RMN1	253	K	ascomycota
A0AAV9HLS5	432	R	ascomycota
A0AAV9UWK0	565	R	ascomycota
A0AAW0R3B8	454	R	ascomycota
A0AAX4HB97	391	R	ascomycota
A0ABN8VEY2	324	R	ascomycota
A0ABN8WPA3	324	R	ascomycota
A0ABP0EH01	291	K	ascomycota
A0ABP0ZHK7	445	R	ascomycota
A0ABQ0GRH5	404	R	ascomycota
A0ABQ7RB90	345	R	ascomycota
A0ABQ9PW01	397	R	ascomycota
A0ABR1UF14	452	R	ascomycota
A0ABR4DNY3	436	R	ascomycota
A0ABR4PIR0	169	R	ascomycota
A0ABZ2WRY7	449	R	ascomycota
A1DDJ4	329	R	ascomycota
A7TMC2	118	R	ascomycota
C0NFA5	350	Q	ascomycota
C5FMN5	348	R	ascomycota
C5M8S6	208	K	ascomycota
E3S321	383	R	ascomycota
F2QT11	317	R	ascomycota
G0V6X7	359	N	ascomycota
G8Y8Q1	310	R	ascomycota
H0GH54	320	S	ascomycota
H0GLS5	324	R	ascomycota
H2AVD6	298	R	ascomycota
J8PMR0	322	S	ascomycota
L8FZR6	521	R	ascomycota
M3IP21	297	R	ascomycota
Q6CWC6	346	R	ascomycota
R8BS17	414	R	ascomycota
S8BV51	387	R	ascomycota
U4KVV4	478	K	ascomycota
V5FX47	427	K	ascomycota
A0A179IKE1	408	R	ascomycota
A0A1B7YNX9	453	R	ascomycota
A0A1E1LUZ6	457	R	ascomycota
A0A1F5LX58	313	K	ascomycota
A0A1G4JCZ1	268	R	ascomycota
A0A1L7TYF3	398	R	ascomycota
A0A1L9RR32	277	K	ascomycota
A0A1Q5UPN3	327	K	ascomycota
A0A1V6PDM4	368	K	ascomycota
A0A1V6U1M2	361	K	ascomycota
A0A1X7QZ68	386	R	ascomycota
A0A1Z5T0V7	496	K	ascomycota
A0A225ACG2	335	K	ascomycota
A0A2B7ZAZ8	348	R	ascomycota
A0A2C5Z3Z6	442	R	ascomycota
A0A2L2TT35	449	R	ascomycota
A0A2P4ZPZ5	418	R	ascomycota
A0A2P5IG66	398	R	ascomycota
A0A2P7YYZ7	255	K	ascomycota
A0A395MU31	395	R	ascomycota
A0A395SH18	393	R	ascomycota
A0A3D8T9P5	492	K	ascomycota
A0A420HI51	465	R	ascomycota
A0A437A639	470	R	ascomycota
A0A4T0X4S6	256	R	ascomycota
A0A4U6XDE4	455	R	ascomycota
A0A545VF71	406	R	ascomycota
A0A553I2H5	385	R	ascomycota
A0A642UC18	437	R	ascomycota
A0A6P8AS74	444	R	ascomycota
A0A7D9D0S1	494	K	ascomycota
A0A7D9H4X7	418	R	ascomycota
A0A7G3ZFX8	427	R	ascomycota
A0A7H9HQ67	408	R	ascomycota
A0A8A3PQR8	405	K	ascomycota
A0A8E2ECP4	505	K	ascomycota
A0A8H2VG31	349	K	ascomycota
A0A8H4M5R7	329	R	ascomycota
A0A8H4RP39	718	R	ascomycota
A0A8H5K2L9	397	R	ascomycota
A0A8H5V246	402	R	ascomycota
A0A8H6DJK2	397	R	ascomycota
A0A8H6EMB0	475	K	ascomycota
A0A8H6MX16	469	R	ascomycota
A0A8H6P867	351	R	ascomycota
A0A8H7B4D1	385	R	ascomycota
A0A8H7MC09	427	R	ascomycota
A0A8J2N2S3	385	R	ascomycota
A0A9N8P4J7	456	R	ascomycota
A0A9N8PPA1	457	R	ascomycota
A0A9P5H1A3	437	R	ascomycota
A0A9P6I5L3	418	R	ascomycota
A0A9P7UDJ2	443	R	ascomycota
A0A9P8KRB0	428	R	ascomycota
A0A9P8PN42	399	R	ascomycota
A0A9P8PWM7	341	R	ascomycota
A0A9P8Q2R3	642	R	ascomycota
A0A9P8TBX6	278	K	ascomycota
A0A9P9XX88	372	R	ascomycota
A0A9Q0AR35	425	R	ascomycota
A0A9W4TRY8	251	K	ascomycota
A0A9W4TSQ7	592	K	ascomycota
A0A9W6SUB1	568	R	ascomycota
A0A9W8NAJ3	230	Q	ascomycota
A0A9W9E386	400	R	ascomycota
A0A9W9GHH5	363	K	ascomycota
A0A9W9KDN3	370	K	ascomycota
A0A9W9NF67	328	K	ascomycota
A0A9W9PGZ8	322	K	ascomycota
A0AA35M823	388	R	ascomycota
A0AA38R6I5	408	R	ascomycota
A0AA39QRC0	443	R	ascomycota
A0AA40CH22	443	R	ascomycota
A0AAD6BVQ3	327	K	ascomycota
A0AAD9W185	451	R	ascomycota
A0AAI8YTU8	446	R	ascomycota
A0AAI9SW46	500	K	ascomycota
A0AAN6BNB4	329	R	ascomycota
A0AAN6PR26	397	R	ascomycota
A0AAV5RQD8	359	R	ascomycota
A0AAV5RS12	183	K	ascomycota
A0AAV5S599	353	K	ascomycota
A0ABP0ZI86	270	S	ascomycota
A0ABQ0CIR6	406	R	ascomycota
A0ABQ1A1P2	329	R	ascomycota
A0ABR0H0U4	473	R	ascomycota
A0ABR1X8Q2	370	R	ascomycota
A0ABR2HLJ4	455	R	ascomycota
A0ABR2XV60	451	R	ascomycota
A0ABR3VRV6	401	R	ascomycota
A0ABR4DQT9	448	R	ascomycota
A1CBS2	332	R	ascomycota
A5E709	598	R	ascomycota
A7TNQ0	444	R	ascomycota
B0Y232	373	R	ascomycota
B6HL55	361	K	ascomycota
C1GVB7	365	R	ascomycota
C4YMF4	455	R	ascomycota
C5DS62	332	R	ascomycota
E3Q2W0	405	R	ascomycota
A0A074S981	264	K	basidiomycota
A0A081CCF7	431	K	basidiomycota
A0A0B7FZH9	252	K	basidiomycota
A0A0B7G372	341	R	basidiomycota
A0A0D0VFI3	289	M	basidiomycota
A0A0D6ENE9	324	K	basidiomycota
A0A0K3C6U0	304	K	basidiomycota
A0A0K6FND2	646	R	basidiomycota
A0A1B9GFU3	331	K	basidiomycota
A0A1Q3E2N1	214	G	basidiomycota
A0A2G8RUN7	242	K	basidiomycota
A0A2G8S4W6	157	T	basidiomycota
A0A369J1H4	255	K	basidiomycota
A0A5B0MRD7	282	R	basidiomycota
A0A5M3MBB2	154	F	basidiomycota
A0A8H3TUW7	268	R	basidiomycota
A0A8H3U0A2	310	R	basidiomycota
A0A8H5CYE4	867	K	basidiomycota
A0A8H5EYD2	240	K	basidiomycota
F7VS34	509	R	ascomycota
G8BSI5	344	K	ascomycota
H8XAL7	505	R	ascomycota
J3NIB7	372	R	ascomycota
K9GB17	318	K	ascomycota
N1J746	444	K	ascomycota
Q6CQY1	296	R	ascomycota
Q756M1	281	K	ascomycota
Q7RXT1	504	R	ascomycota
S0E8T2	398	R	ascomycota
S3DLT2	499	R	ascomycota
W3WI34	499	R	ascomycota
W6QMY6	361	K	ascomycota
A0A0B4FVA9	433	R	ascomycota
A0A0P7BLB4	169	S	ascomycota
A0A0V1Q2Z0	316	R	ascomycota
A0A1L0BLG4	247	K	ascomycota
A0A1U7LSY4	103	K	ascomycota
A0A2P5HGU5	168	T	ascomycota
A0A2T0FMF4	268	Y	ascomycota
A0A2U9QZ99	362	R	ascomycota
A0A376BAK2	311	R	ascomycota
A0A395J7K7	296	K	ascomycota
A0A3E2GT96	481	R	ascomycota
A0A3N4JMV7	305	K	ascomycota
A0A559MKX1	498	R	ascomycota
A0A5E8BI10	233	M	ascomycota
A0A642UMB7	232	K	ascomycota
A0A642V5E7	289	G	ascomycota
A0A7H9HUR2	270	K	ascomycota
A0A8H4CLQ5	471	R	ascomycota
A0A8H4T4I9	172	G	ascomycota
A0A8H5WXE6	178	D	ascomycota
A0A9N9W2U8	426	R	ascomycota
A0A9P5HJJ0	494	K	ascomycota
A0A9P8F6U8	481	R	ascomycota
A0A9W4RWK1	472	R	ascomycota
A0AA35JJF7	318	S	ascomycota
A0AAD9SP23	165	T	ascomycota
A0ABR1QZN4	129	K	ascomycota
A0ABR1X8H1	129	K	ascomycota
A0ABY2H3J9	466	R	ascomycota
A0ACA9TUV3	388	R	ascomycota
A0ACA9Y7U7	303	K	ascomycota
A0ACA9YCX0	307	A	ascomycota
A0ACB5SA82	306	R	ascomycota
A0ACB6V604	178	R	ascomycota
A0ACB6V835	327	R	ascomycota
A0ACC0QR54	434	R	ascomycota
A0ACC1N0K5	451	K	ascomycota
A0ACC1PT71	700	R	ascomycota
A0ACC1RAE9	454	R	ascomycota
A0ACC1RL04	377	R	ascomycota
A0ACC2HQW4	386	R	ascomycota
A0ACC3TRB3	429	R	ascomycota
A0ACC3YGM8	460	R	ascomycota
A0ACD3Z1H8	434	R	ascomycota
J6EEG6	318	S	ascomycota
M3JT10	144	K	ascomycota
A0A0V1Q0J3	278	K	ascomycota
A0A1D8PRM6	213	K	ascomycota
A0A1G4KQ33	289	K	ascomycota
A0A2V1AIT0	255	K	ascomycota
A0A8H8D8N2	242	K	ascomycota
A0A8J5QH60	303	R	ascomycota
A0A9P8P3R0	262	S	ascomycota
A0A9P8T4U6	263	S	ascomycota
A0AAD5BCG9	243	K	ascomycota
A0ABQ7RA53	262	S	ascomycota
A0ABQ7S1B0	262	S	ascomycota
A5DRR3	264	K	ascomycota
B9WKK1	187	K	ascomycota
C4R014	334	K	ascomycota
C4Y757	221	R	ascomycota
C4YNB1	191	K	ascomycota
G8BBJ1	242	K	ascomycota
G8YJN4	266	K	ascomycota
H8WVI4	242	K	ascomycota
K0KZ61	352	K	ascomycota
Q6BNW6	278	K	ascomycota
W1QFA7	262	S	ascomycota
A0A060SM94	244	K	basidiomycota
A0A074S1G0	337	K	basidiomycota
A0A0D1DZD7	343	K	basidiomycota
A0A0K6G7K7	261	K	basidiomycota
A0A0L6V131	296	K	basidiomycota
A0A0P1BIQ6	303	R	basidiomycota
A0A1B9FTK0	234	R	basidiomycota
A0A1B9HTQ2	323	K	basidiomycota
A0A1C7MA88	253	K	basidiomycota
A0A1E3HRY9	272	L	basidiomycota
A0A1K0G3T0	355	K	basidiomycota
A0A1M2VF04	254	G	basidiomycota
A0A1Q3EGR3	141	T	basidiomycota
A0A238F8L5	374	K	basidiomycota
A0A284R575	229	K	basidiomycota
A0A2R6NMH7	154	T	basidiomycota
A0A2R6NTT4	237	K	basidiomycota
A0A2S5BEQ4	325	R	basidiomycota
A0A2X0KA56	367	K	basidiomycota
A0A2X0LW32	353	K	basidiomycota
A0A409W7F6	253	K	basidiomycota
A0A4Q1BV97	272	M	basidiomycota
A0A4S4KLM9	237	K	basidiomycota
A0A4S4LSC0	256	K	basidiomycota
A0A4S4MT59	154	T	basidiomycota
A0A4T0FNF2	240	R	basidiomycota
A0A4Y9YC71	249	K	basidiomycota
A0A4Y9YGX5	222	G	basidiomycota
A0A5B0N1Q3	284	R	basidiomycota
A0A5C3E4B2	372	K	basidiomycota
A0A5C3E832	372	K	basidiomycota
A0A5C3FLB2	330	K	basidiomycota
A0A5M6C3F7	312	K	basidiomycota
A0A5N5QIE1	917	R	basidiomycota
A0A5N5QIV7	338	N	basidiomycota
A0A5N5QSQ7	257	R	basidiomycota
A0A8H5D9L0	195	Y	basidiomycota
A0A8H5FIS4	241	K	basidiomycota
A0A8H5H1J4	219	L	basidiomycota
A0A8H5HHS9	693	K	basidiomycota
A0A8H5HYM6	140	T	basidiomycota
A0A8H5LZH5	189	G	basidiomycota
A0A8H5M8P6	206	G	basidiomycota
A0A8H6X7X8	231	K	basidiomycota
A0A8H7CZF7	241	K	basidiomycota
A0A8X7NC76	267	K	basidiomycota
A0A8X7SWK2	262	K	basidiomycota
A0A9N8MAE1	262	K	basidiomycota
A0A9P3G2I0	217	G	basidiomycota
A0A9P3G4R7	225	G	basidiomycota
A0A9P3G5D9	189	R	basidiomycota
A0A9P3G9Z6	249	K	basidiomycota
A0A9P3GEL8	146	T	basidiomycota
A0A9P3UJ47	187	G	basidiomycota
A0A9Q3CGN2	328	K	basidiomycota
A0A9Q3DCC3	384	R	basidiomycota
A0AA38HDX6	271	K	basidiomycota
A0AA48QVP0	304	R	basidiomycota
A0AAD3TY69	285	R	basidiomycota
A0AAD5VW10	222	K	basidiomycota
A0AAD7TST6	156	T	basidiomycota
A0AAD7TZE9	239	G	basidiomycota
A0AAF0Y8C4	299	M	basidiomycota
A0AAJ4XLQ0	343	K	basidiomycota
A0AAJ8KXR9	231	R	basidiomycota
A0AAW0BFE3	412	K	basidiomycota
A0AAW0E6V9	141	K	basidiomycota
A0AAW0YJW9	308	K	basidiomycota
A0AAX4K6B3	326	K	basidiomycota
A0AAX4K8N5	233	K	basidiomycota
A0AAX4KL96	338	K	basidiomycota
A0ABP1CKG3	209	G	basidiomycota
A0ABP1DQJ8	145	T	basidiomycota
A0ABP1E5U3	231	K	basidiomycota
A0ABP1E5U8	231	K	basidiomycota
A0ABP1E5X9	187	K	basidiomycota
A0ABR3BXI1	289	M	basidiomycota
A0ABR3JDG0	234	K	basidiomycota
A0ABR5B432	304	A	basidiomycota
A0ABR5C231	289	M	basidiomycota
A0ABY7D8X9	286	R	basidiomycota
A0ABZ2AN38	289	M	basidiomycota
A8N288	213	D	basidiomycota
A8N8Y7	249	R	basidiomycota
D6RJX6	186	G	basidiomycota
E3LA34	294	R	basidiomycota
E6RE98	304	A	basidiomycota
E7A0V7	363	K	basidiomycota
G4TC19	149	K	basidiomycota
G4TCR9	271	K	basidiomycota
G7DW85	332	R	basidiomycota
J4G0H3	237	K	basidiomycota
J9VZB8	289	L	basidiomycota
J9W1Z3	304	S	basidiomycota
M7X6D4	291	K	basidiomycota
Q5KCW7	304	A	basidiomycota
R7RYN2	248	K	basidiomycota
R9NXM4	356	K	basidiomycota
V2Z1H8	254	K	basidiomycota
W3VVA0	331	K	basidiomycota
A0A060SCN9	156	T	basidiomycota
A0A067Q5M5	268	K	basidiomycota
A0A095CAP8	289	M	basidiomycota
A0A0D7BMU1	220	K	basidiomycota
A0A0F7RVL5	370	K	basidiomycota
A0A0K6G747	330	K	basidiomycota
A0A0L0V172	214	R	basidiomycota
A0A177TH00	265	K	basidiomycota
A0A177V7P0	262	K	basidiomycota
A0A180GTA2	286	R	basidiomycota
A0A1A5ZVX6	321	K	basidiomycota
A0A1B9GQY0	250	R	basidiomycota
A0A1B9GYC6	330	K	basidiomycota
A0A1B9IG44	338	K	basidiomycota
A0A1E3I3G1	278	K	basidiomycota
A0A1E3JFJ4	280	K	basidiomycota
A0A1J8Q9H0	220	G	basidiomycota
A0A1M2VTG0	294	K	basidiomycota
A0A1M8AB69	208	R	basidiomycota
A0A1Q3E1Z4	192	K	basidiomycota
A0A284RQ68	149	T	basidiomycota
A0A286UKZ0	260	K	basidiomycota
A0A2S4URQ4	220	R	basidiomycota
A0A369K4X4	193	G	basidiomycota
A0A369KAK7	244	G	basidiomycota
A0A3G2S9J2	229	R	basidiomycota
A0A401G8C9	212	G	basidiomycota
A0A401H636	148	T	basidiomycota
A0A409VCH1	99	N	basidiomycota
A0A409Y7J2	252	K	basidiomycota
A0A4Q2DRZ9	641	K	basidiomycota
A0A4S4LHT0	276	K	basidiomycota
A0A4U7KPQ9	360	K	basidiomycota
A0A4V3XJE3	228	K	basidiomycota
A0A5B0N0I5	302	R	basidiomycota
A0A5C3EV21	194	S	basidiomycota
A0A5C3EZA1	306	R	basidiomycota
A0A5D3AUK3	278	K	basidiomycota
A0A5M6C8X0	248	R	basidiomycota
A0A8H4VJS1	253	K	basidiomycota
A0A8H5B4L3	307	R	basidiomycota
A0A8H5GCJ7	234	K	basidiomycota
A0A8H5HQ47	245	K	basidiomycota
A0A8H6T2J5	235	K	basidiomycota
A0A8H6WB99	236	R	basidiomycota
A0A8H6WYH6	165	K	basidiomycota
A0A8H6Z6T2	226	K	basidiomycota
A0A9P3G3Y6	251	G	basidiomycota
A0A9P3US95	256	K	basidiomycota
A0A9Q5HZ83	239	K	basidiomycota
A0AAD2HQZ9	125	K	basidiomycota
A0AAD2HTN7	218	W	basidiomycota
A0AAD5VEU9	225	S	basidiomycota
A0AAD5W3A8	203	Y	basidiomycota
A0AAD5YMS7	223	G	basidiomycota
A0AAD7TYJ6	247	K	basidiomycota
A0AAJ8M2S8	225	T	basidiomycota
A0AAW0YQW8	245	R	basidiomycota
A0ABP1DQU6	83	T	basidiomycota
A0ABP1DT00	145	T	basidiomycota
A0ABQ0L4N8	1539	K	basidiomycota
A0ABQ0M0T4	1388	K	basidiomycota
A0ABR3BM64	304	A	basidiomycota
A0ABR5BG99	289	M	basidiomycota
A0ABR5BLN6	304	A	basidiomycota
A0ABZ1DBQ0	325	K	basidiomycota
A0ABZ2B030	304	A	basidiomycota
E6R3E7	289	M	basidiomycota
G7DW84	329	R	basidiomycota
I2G1B8	354	K	basidiomycota
J4I8G7	153	T	basidiomycota
K1WDM8	264	K	basidiomycota
Q5KKJ1	289	M	basidiomycota
R9AGB8	233	R	basidiomycota
U5H9L9	355	K	basidiomycota
V2XGD7	204	G	basidiomycota
V5GHH8	370	K	basidiomycota
A0A0B7G341	221	G	basidiomycota
A0A0K6G754	719	Q	basidiomycota
A0A0K6GA87	146	D	basidiomycota
A0A1Y2IYW8	240	G	basidiomycota
A0A284RAN9	240	F	basidiomycota
A0A286UR16	227	N	basidiomycota
A0A4S4LN17	228	G	basidiomycota
A0A4S4MSG5	188	G	basidiomycota
A0A4Y9YSR9	165	T	basidiomycota
A0A8H5M0W8	208	G	basidiomycota
A0A8H6YXU7	210	G	basidiomycota
A0A8H7DCL8	108	N	basidiomycota
A0A9P8AFI1	214	R	basidiomycota
A0A9P8AFL8	126	R	basidiomycota
A0A9W8ML86	657	K	basidiomycota
A0AAD5UZ43	154	T	basidiomycota
A0ABP1CKG6	171	A	basidiomycota
A0ABP1CNA1	171	A	basidiomycota
A0ABP1CNE3	102	A	basidiomycota
A0ABQ0KXJ8	188	K	basidiomycota
A0ACB7IKH0	149	K	basidiomycota
A0ACC1P622	231	K	basidiomycota
V2XWW7	233	N	basidiomycota
I1BKX4	262	Y	mucoromycota
Q9H611	290	R	human
A0A015N2M8	306	K	mucoromycota
A0A0B7N3L9	381	F	mucoromycota
A0A0B7NVF9	306	N	mucoromycota
A0A0C9MZV3	394	F	mucoromycota
A0A0L0HTH8	315	A	chytridiomycota
A0A168NJR9	315	W	mucoromycota
A0A1C7NKC8	379	N	mucoromycota
A0A1C7NS85	196	M	mucoromycota
A0A2Z6Q637	298	K	mucoromycota
A0A507E7A0	339	G	chytridiomycota
A0A507FMG7	335	S	chytridiomycota
A0A8H4A8B1	273	D	mucoromycota
A0A8H7Q426	359	S	mucoromycota
A0A8H7QRS8	382	F	mucoromycota
A0A8H7RPV3	303	K	mucoromycota
A0A8H7S720	426	S	mucoromycota
A0A8H7V8V8	1635	Y	mucoromycota
A0A9N8Z8P5	277	N	mucoromycota
A0A9N8ZA40	310	K	mucoromycota
A0A9N8ZJ08	389	R	mucoromycota
A0A9N9HM59	214	D	mucoromycota
A0A9P3HAH0	244	A	mucoromycota
A0A9P3HF53	519	K	mucoromycota
A0A9P3HK37	700	F	mucoromycota
A0A9P3HK44	579	S	mucoromycota
A0A9P3HKJ7	725	S	mucoromycota
A0A9P6YYP4	371	Y	mucoromycota
A0A9P7BV71	372	Y	mucoromycota
A0A9W4WTA5	319	K	mucoromycota
A0AAD7XWI0	373	S	mucoromycota
A0AAN7D3L5	395	F	mucoromycota
A0AAN7D484	327	K	mucoromycota
A0ABQ8ESF1	442	R	chytridiomycota
A0A015KD19	148	K	mucoromycota
A0A1M2VH00	157	T	basidiomycota
A0A1Q3E2E1	199	N	basidiomycota
A0A261Y8L7	674	S	mucoromycota
A0A8H5FHN3	262	R	basidiomycota
A0A8H7Q1B8	179	A	mucoromycota
A0A9N9IT00	216	D	mucoromycota
A0A9P3UKB6	240	Y	basidiomycota
A0ACB7J0F3	1392	K	basidiomycota
A0ACC1QDJ0	240	G	basidiomycota
A0ACC1T3Q8	865	K	basidiomycota
A0ACC1T620	154	T	basidiomycota
A8PUE9	174	R	basidiomycota
J4H1T8	203	G	basidiomycota
A0A0C3AWH9	146	H	basidiomycota
A0A0D7ANQ6	92	K	basidiomycota
A0A0H2RNB9	90	R	basidiomycota
A0A0H2S6Y4	95	G	basidiomycota
A0A2A9NU72	99	K	basidiomycota
A0A4S8MSI0	144	G	basidiomycota
A0A9N9DSD6	240	R	mucoromycota
A0ACA9NG08	276	R	mucoromycota
