tip	accession	source	core_plddt
A0A0C7N4Y2_Lachancea	A0A0C7N4Y2	AFDB	88.39
A0A0W4ZHZ4_Pneumocystis	A0A0W4ZHZ4	AFDB	89.8
A0A0W4ZNJ0_Pneumocystis	A0A0W4ZNJ0	AFDB	88.48
A0A1G4K4H6_Lachancea	A0A1G4K4H6	AFDB	88.29
A0A2P7YPG7_Candidozyma	A0A2P7YPG7	AFDB	89.25
A5DHA1_Meyerozyma	A5DHA1	AFDB	88.67
B6K513_Schizosaccharomyces	B6K513	AFDB	89.27
C4R0P2_Komagataella	C4R0P2	AFDB	89.08
G0V5V7_Naumovozyma	G0V5V7	AFDB	87.69
G0WAI2_Naumovozyma	G0WAI2	AFDB	88.54
G8BK92_Candida	G8BK92	AFDB	88.07
G8BQC5_Tetrapisispora	G8BQC5	AFDB	88.06
G8JMQ5_Eremothecium	G8JMQ5	AFDB	88.16
G8ZST6_Torulaspora	G8ZST6	AFDB	88.41
H2AZM3_Kazachstania	H2AZM3	AFDB	88.78
I2H566_Henningerozyma	I2H566	AFDB	89.62
J7S6X7_Huiozyma	J7S6X7	AFDB	87.95
M7P7M8_Pneumocystis	M7P7M8	AFDB	90.03
P07271_Saccharomyces	P07271	AFDB	90.41
P38766_Saccharomyces	P38766	AFDB	87.14
Q59RQ0_Candida	Q59RQ0	AFDB	88.76
Q6BQK7_Debaryomyces	Q6BQK7	AFDB	87.49
Q6FKI9_Nakaseomyces	Q6FKI9	AFDB	88.18
Q9UUA2_Schizosaccharomyces	Q9UUA2	AFDB	89.73
S9PVT1_Schizosaccharomyces	S9PVT1	AFDB	87.74
S9X0K1_Schizosaccharomyces	S9X0K1	AFDB	87.64
W1QEW7_Ogataea	W1QEW7	AFDB	89.85
W6MNR6_Kuraishia	W6MNR6	AFDB	89.11
A0A066XBE3_Colletotrichum	A0A066XBE3	AFDB	88.75
A0A098E1Q1_Fusarium	A0A098E1Q1	AFDB	87.55
A0A0A8L254_Kluyveromyces	A0A0A8L254	AFDB	87.66
A0A0A8L495_Kluyveromyces	A0A0A8L495	AFDB	86.97
A0A0D2HCP1_Cladophialophora	A0A0D2HCP1	AFDB	90.48
A0A0D2IYR0_Rhinocladiella	A0A0D2IYR0	AFDB	88.93
A0A0E9NJD1_Saitoella	A0A0E9NJD1	AFDB	88.01
A0A0F8UK25_Aspergillus	A0A0F8UK25	AFDB	87.38
A0A0G2G6N1_Phaeomoniella	A0A0G2G6N1	AFDB	87.84
A0A0G4N7A9_Verticillium	A0A0G4N7A9	AFDB	87.75
A0A0G4PIW6_Penicillium	A0A0G4PIW6	AFDB	87.29
A0A0X8HVB8_Eremothecium	A0A0X8HVB8	AFDB	88.33
A0A135UEW1_Colletotrichum	A0A135UEW1	AFDB	88.76
A0A162ZNR2_Ascochyta	A0A162ZNR2	AFDB	87.99
A0A166QWJ6_Colletotrichum	A0A166QWJ6	AFDB	88.34
A0A167DT29_Sugiyamaella	A0A167DT29	AFDB	89.29
A0A178CX55_Fonsecaea	A0A178CX55	AFDB	89.06
A0A178FD44_Trichophyton	A0A178FD44	AFDB	88.44
A0A1B2JBB9_Komagataella	A0A1B2JBB9	AFDB	89.01
A0A1E3B484_Aspergillus	A0A1E3B484	AFDB	88.79
A0A1F8AAX5_Aspergillus	A0A1F8AAX5	AFDB	86.97
A0A1G4B3T3_Colletotrichum	A0A1G4B3T3	AFDB	88.64
A0A1G4J9Z3_Lachancea	A0A1G4J9Z3	AFDB	88.65
A0A1G4M6R4_Lachancea	A0A1G4M6R4	AFDB	88.36
A0A1J9QLP1_Diplodia	A0A1J9QLP1	AFDB	87.47
A0A1L7WWW9_Phialocephala	A0A1L7WWW9	AFDB	86.85
A0A1V6U152_Penicillium	A0A1V6U152	AFDB	87.03
A0A1W5D893_Lasallia	A0A1W5D893	AFDB	88.55
A0A2A9PT09_Ophiocordyceps	A0A2A9PT09	AFDB	88.24
A0A2C5WV42_Ceratocystis	A0A2C5WV42	AFDB	90.0
A0A2C5Z163_Ophiocordyceps	A0A2C5Z163	AFDB	88.53
A0A2G7FQB8_Aspergillus	A0A2G7FQB8	AFDB	88.43
A0A2S4L8F3_Tolypocladium	A0A2S4L8F3	AFDB	87.73
A0A2S4Q1N6_Erysiphe	A0A2S4Q1N6	AFDB	87.87
A0A2T0FEC6_Wickerhamiella	A0A2T0FEC6	AFDB	90.14
A0A2U9RAS2_Pichia	A0A2U9RAS2	AFDB	91.21
A0A370TV91_Venustampulla	A0A370TV91	AFDB	88.07
A0A3D8QMU0_Aspergillus	A0A3D8QMU0	AFDB	87.12
A0A401KJ13_Aspergillus	A0A401KJ13	AFDB	87.34
A0A420Y4N6_Coniochaeta	A0A420Y4N6	AFDB	86.93
A0A423X8J6_Cytospora	A0A423X8J6	AFDB	88.01
A0A4P6XHN0_Metschnikowia	A0A4P6XHN0	AFDB	90.17
A0A4Q4SNS4_Alternaria	A0A4Q4SNS4	AFDB	89.45
A0A4Q4SW76_Monosporascus	A0A4Q4SW76	AFDB	88.08
A0A4R8TC14_Colletotrichum	A0A4R8TC14	AFDB	87.68
A0A4T0X234_Pichia	A0A4T0X234	AFDB	88.66
A0A4Z1I1P6_Botryotinia	A0A4Z1I1P6	AFDB	86.54
A0A5E8BJL0_Magnusiomyces	A0A5E8BJL0	AFDB	90.15
A0A5M3Z9B9_Aspergillus	A0A5M3Z9B9	AFDB	87.42
A0A6H0XK98_Peltaster	A0A6H0XK98	AFDB	89.08
A0A7D8YNF5_Lachnellula	A0A7D8YNF5	AFDB	87.12
A0A8E5HVQ8_Ustilaginoidea	A0A8E5HVQ8	AFDB	87.71
A0A8H3WE31_Colletotrichum	A0A8H3WE31	AFDB	88.13
A0A8H5T131_Fusarium	A0A8H5T131	AFDB	87.65
A0A8J2T8D0_Zygosaccharomyces	A0A8J2T8D0	AFDB	88.63
A0A8J8WMJ2_Penicillium	A0A8J8WMJ2	AFDB	88.15
A0A8K0LFH0_Elsinoe	A0A8K0LFH0	AFDB	88.42
A0A8T9C083_Lachnellula	A0A8T9C083	AFDB	87.54
A0A9N9L4M2_Hymenoscyphus	A0A9N9L4M2	AFDB	87.45
A0A9P5AP51_Fusarium	A0A9P5AP51	AFDB	88.38
A0A9P5F6D8_Colletotrichum	A0A9P5F6D8	AFDB	88.02
A0A9P5IFU8_Botrytis	A0A9P5IFU8	AFDB	86.78
A0A9P7HAM0_Fusarium	A0A9P7HAM0	AFDB	87.9
A0A9P8NYE8_Ogataea	A0A9P8NYE8	AFDB	90.3
A0A9P8TS07_Trichoderma	A0A9P8TS07	AFDB	88.35
A0A9Q8LAV6_Fulvia	A0A9Q8LAV6	AFDB	87.8
A0A9Q8QLM5_Purpureocillium	A0A9Q8QLM5	AFDB	89.36
A0A9W9HYZ6_Penicillium	A0A9W9HYZ6	AFDB	87.71
A0A9W9RW94_Penicillium	A0A9W9RW94	AFDB	87.05
A0AAD9T215_Diplocarpon	A0AAD9T215	AFDB	86.38
A0AAI9SXC1_Candida	A0AAI9SXC1	AFDB	92.42
Q5AXT5_Aspergillus	Q5AXT5	AFDB	86.68
A0A010SLY8_Colletotrichum	A0A010SLY8	AFDB	88.22
A0A0A2KKZ8_Penicillium	A0A0A2KKZ8	AFDB	87.76
A0A0C7N9H1_Lachancea	A0A0C7N9H1	AFDB	89.28
A0A0D2AM31_Verruconis	A0A0D2AM31	AFDB	88.41
A0A0D2CU01_Cladophialophora	A0A0D2CU01	AFDB	89.95
A0A0F4GSW0_Zymoseptoria	A0A0F4GSW0	AFDB	88.33
A0A0F7TPW7_Penicillium	A0A0F7TPW7	AFDB	86.49
A0A0F8V674_Aspergillus	A0A0F8V674	AFDB	87.53
A0A0J9X617_Geotrichum	A0A0J9X617	AFDB	86.8
A0A0J9XD28_Geotrichum	A0A0J9XD28	AFDB	83.01
A0A0L1J6G6_Aspergillus	A0A0L1J6G6	AFDB	86.06
A0A0P1KUZ5_Lachancea	A0A0P1KUZ5	AFDB	88.44
A0A0U1LMZ8_Talaromyces	A0A0U1LMZ8	AFDB	87.16
A0A0U5FW00_Aspergillus	A0A0U5FW00	AFDB	87.43
A0A179UY81_Blastomyces	A0A179UY81	AFDB	88.64
A0A194VFA7_Cytospora	A0A194VFA7	AFDB	86.28
A0A1E1KHD1_Rhynchosporium	A0A1E1KHD1	AFDB	86.92
A0A1E5R2E4_Hanseniaspora	A0A1E5R2E4	AF2_ColabFold	88.29
A0A1E5RH49_Hanseniaspora	A0A1E5RH49	AF2_ColabFold	84.96
A0A1E5RYU5_Hanseniaspora	A0A1E5RYU5	AF2_ColabFold	90.08
A0A1G4JAR2_Lachancea	A0A1G4JAR2	AFDB	88.95
A0A1G4JJ13_Lachancea	A0A1G4JJ13	AFDB	89.03
A0A1G4KK60_Lachancea	A0A1G4KK60	AFDB	88.28
A0A1G4M6E1_Lachancea	A0A1G4M6E1	AFDB	88.35
A0A1J9QG29_Blastomyces	A0A1J9QG29	AFDB	88.73
A0A1L0D0Q5_Hanseniaspora	A0A1L0D0Q5	AFDB	90.62
A0A1L7VNC0_Fusarium	A0A1L7VNC0	AFDB	87.7
A0A1X7R554_Maudiozyma	A0A1X7R554	AFDB	86.89
A0A218YVE5_Diplocarpon	A0A218YVE5	AFDB	86.78
A0A232LWR6_Elaphomyces	A0A232LWR6	AFDB	86.76
A0A292Q3K7_Tuber	A0A292Q3K7	AFDB	83.16
A0A2B7WVK7_Helicocarpus	A0A2B7WVK7	AFDB	88.58
A0A2D3UXI5_Ramularia	A0A2D3UXI5	AF2_ColabFold	87.44
A0A2K1QRC5_Sphaceloma	A0A2K1QRC5	AFDB	88.73
A0A2S6CBW7_Cercospora	A0A2S6CBW7	AFDB	89.16
A0A2V1A9H7_Candidozyma	A0A2V1A9H7	AFDB	89.99
A0A2V1ALF0_Candidozyma	A0A2V1ALF0	AFDB	90.63
A0A2W1ERC3_Pyrenophora	A0A2W1ERC3	AFDB	88.65
A0A364L1Q7_Talaromyces	A0A364L1Q7	AFDB	88.71
A0A367L4D8_Ophiocordyceps	A0A367L4D8	AF2_ColabFold	84.0
A0A367YDY7_Candida	A0A367YDY7	AFDB	88.65
A0A384JQ16_Botrytis	A0A384JQ16	AFDB	87.27
A0A423WMC8_Cytospora	A0A423WMC8	AFDB	87.59
A0A448YGA8_Brettanomyces	A0A448YGA8	AFDB	90.21
A0A448YPH1_Brettanomyces	A0A448YPH1	AFDB	90.71
A0A4Y8D3B0_Botryotinia	A0A4Y8D3B0	AFDB	86.55
A0A4Z0Z973_Xylaria	A0A4Z0Z973	AFDB	87.38
A0A507AHL1_Thyridium	A0A507AHL1	AFDB	88.84
A0A5Q4C7C0_Colletotrichum	A0A5Q4C7C0	AFDB	87.55
A0A6A6V6U0_Sporormia	A0A6A6V6U0	AFDB	87.9
A0A6V8H3K1_Talaromyces	A0A6V8H3K1	AFDB	87.26
A0A7H8QY08_Talaromyces	A0A7H8QY08	AFDB	87.78
A0A8G0PM48_Trichoderma	A0A8G0PM48	AFDB	88.25
A0A8H2ZKI7_Maudiozyma	A0A8H2ZKI7	AFDB	89.09
A0A8H4ISW3_Botryosphaeria	A0A8H4ISW3	AFDB	87.98
A0A8H4KSP0_Fusarium	A0A8H4KSP0	AFDB	88.75
A0A8H4L6X0_Fusarium	A0A8H4L6X0	AFDB	87.83
A0A8H4XL08_Fusarium	A0A8H4XL08	AF2_ColabFold	81.48
A0A8H5VWV3_Fusarium	A0A8H5VWV3	AFDB	88.23
A0A8H5XTU0_Fusarium	A0A8H5XTU0	AFDB	88.72
A0A8H6U8X2_Colletotrichum	A0A8H6U8X2	AFDB	88.94
A0A8H6UTP6_Aspergillus	A0A8H6UTP6	AFDB	87.69
A0A8H6VE95_Pseudocercospora	A0A8H6VE95	AFDB	88.59
A0A9N8P9K6_Aureobasidium	A0A9N8P9K6	AFDB	86.3
A0A9N9LYP1_Hymenoscyphus	A0A9N9LYP1	AFDB	87.36
A0A9N9Y4Q8_Clonostachys	A0A9N9Y4Q8	AFDB	88.4
A0A9P0QRK9_Kurtzmaniella	A0A9P0QRK9	AFDB	85.87
A0A9P4YU51_Geosmithia	A0A9P4YU51	AFDB	88.44
A0A9P8M8W8_Metarhizium	A0A9P8M8W8	AFDB	87.55
A0A9P8SF62_Hirsutella	A0A9P8SF62	AFDB	88.47
A0A9P9XSS9_Colletotrichum	A0A9P9XSS9	AFDB	87.63
A0A9W7DE56_Ambrosiozyma	A0A9W7DE56	AFDB	89.3
A0A9W7SU85_Teratosphaeria	A0A9W7SU85	AFDB	88.37
A0A9W8N7W2_Xylaria	A0A9W8N7W2	AFDB	88.64
A0A9W9FVK9_Penicillium	A0A9W9FVK9	AFDB	88.05
A0A9W9KB48_Penicillium	A0A9W9KB48	AFDB	87.59
A0A9W9TVT2_Penicillium	A0A9W9TVT2	AFDB	87.25
A0A9W9WZB3_Penicillium	A0A9W9WZB3	AFDB	87.17
A0A9W9XDN3_Penicillium	A0A9W9XDN3	AFDB	81.03
A0AA35IR82_Saccharomyces	A0AA35IR82	AFDB	89.82
A0AAV9SU16_Colletotrichum	A0AAV9SU16	AFDB	88.08
A0AAV9UWD6_Orbilia	A0AAV9UWD6	AFDB	88.27
A0AB34KML8_Cladosporium	A0AB34KML8	AFDB	89.39
A0ABN8WKL1_Saccharomyces	A0ABN8WKL1	AF2_ColabFold	86.03
A0ABQ8N742_Pyricularia	A0ABQ8N742	AF2_ColabFold	86.45
A0ABQ8WGQ7_Penicillium	A0ABQ8WGQ7	AF2_ColabFold	87.34
A0ABR2V6U6_Seiridium	A0ABR2V6U6	AF2_ColabFold	87.64
A0ABY6SM04_Podospora	A0ABY6SM04	AF2_ColabFold	87.24
B3LLJ4_Saccharomyces	B3LLJ4	AFDB	89.82
B6Q6C2_Talaromyces	B6Q6C2	AFDB	86.34
C5DFL7_Lachancea	C5DFL7	AFDB	88.18
C5DM92_Lachancea	C5DM92	AFDB	88.71
C5MAG5_Candida	C5MAG5	AFDB	88.49
E4V3W1_Nannizzia	E4V3W1	AFDB	87.15
E9ETX6_Metarhizium	E9ETX6	AFDB	86.82
G4N540_Pyricularia	G4N540	AFDB	87.66
J5JW44_Beauveria	J5JW44	AFDB	87.65
M1WCW3_Claviceps	M1WCW3	AFDB	88.56
Q6CEU3_Yarrowia	Q6CEU3	AFDB	85.04
W9CKN3_Sclerotinia	W9CKN3	AFDB	87.12
A0A022Y865_Trichophyton	A0A022Y865	AFDB	84.51
A0A0A1TS53_tx1531966	A0A0A1TS53	AFDB	88.38
A0A0D2H657_Fonsecaea	A0A0D2H657	AFDB	90.18
A0A0H1B6P3_Blastomyces	A0A0H1B6P3	AFDB	87.98
A0A0L0NDI1_Tolypocladium	A0A0L0NDI1	AFDB	88.22
A0A0M8P8W8_Penicillium	A0A0M8P8W8	AFDB	88.14
A0A0P1KKU7_Lachancea	A0A0P1KKU7	AFDB	88.8
A0A135TU94_Colletotrichum	A0A135TU94	AFDB	88.5
A0A168CGZ8_Cordyceps	A0A168CGZ8	AFDB	86.59
A0A168ISU5_Akanthomyces	A0A168ISU5	AFDB	88.19
A0A177FGZ4_Fonsecaea	A0A177FGZ4	AFDB	89.3
A0A1B8AKF1_Fusarium	A0A1B8AKF1	AFDB	87.29
A0A1E1KSW3_Rhynchosporium	A0A1E1KSW3	AFDB	86.91
A0A1W2TKN4_Rosellinia	A0A1W2TKN4	AFDB	89.34
A0A1Z5T4Y1_Hortaea	A0A1Z5T4Y1	AFDB	87.93
A0A2B7X4F7_Blastomyces	A0A2B7X4F7	AFDB	88.43
A0A2H0ZLB1_Candidozyma	A0A2H0ZLB1	AFDB	88.46
A0A2H2ZNG2_Trichoderma	A0A2H2ZNG2	AFDB	89.15
A0A2N3NCB3_Lomentospora	A0A2N3NCB3	AF2_ColabFold	77.74
A0A2P7Z3W1_Elsinoe	A0A2P7Z3W1	AFDB	88.88
A0A366QY50_Fusarium	A0A366QY50	AFDB	88.35
A0A376BA80_Saccharomycodes	A0A376BA80	AFDB	90.41
A0A395SEG8_Fusarium	A0A395SEG8	AFDB	87.45
A0A3A2ZL16_Aspergillus	A0A3A2ZL16	AFDB	86.79
A0A3D8SQV1_Coleophoma	A0A3D8SQV1	AFDB	87.66
A0A420HWK8_Erysiphe	A0A420HWK8	AFDB	87.9
A0A484FKH5_Colletotrichum	A0A484FKH5	AFDB	87.24
A0A4Q4P3R5_Alternaria	A0A4Q4P3R5	AFDB	88.66
A0A4Z1FQZ2_Botrytis	A0A4Z1FQZ2	AFDB	87.62
A0A4Z1H1E5_Botrytis	A0A4Z1H1E5	AFDB	87.83
A0A4Z1I5K8_Botryotinia	A0A4Z1I5K8	AFDB	87.32
A0A4Z1JM45_Botrytis	A0A4Z1JM45	AFDB	87.25
A0A4Z1NVH7_Venturia	A0A4Z1NVH7	AFDB	86.98
A0A5E8B6K8_Magnusiomyces	A0A5E8B6K8	AFDB	88.85
A0A5N6K1H9_Monilinia	A0A5N6K1H9	AFDB	87.11
A0A642UJS9_Trichomonascus	A0A642UJS9	AFDB	84.51
A0A7C8MWI0_Xylaria	A0A7C8MWI0	AFDB	89.61
A0A7G3ZIW5_Torulaspora	A0A7G3ZIW5	AFDB	86.11
A0A7U2QU03_Aspergillus	A0A7U2QU03	AFDB	88.3
A0A8H2ZM85_Sclerotinia	A0A8H2ZM85	AFDB	87.25
A0A8H4Q9J7_Ophiocordyceps	A0A8H4Q9J7	AFDB	88.67
A0A8H4T2Y1_Fusarium	A0A8H4T2Y1	AFDB	87.09
A0A8H4YPP2_Fusarium	A0A8H4YPP2	AFDB	88.29
A0A8H5J614_Fusarium	A0A8H5J614	AFDB	87.81
A0A8H5UR89_Fusarium	A0A8H5UR89	AFDB	86.95
A0A8H6KXX6_Colletotrichum	A0A8H6KXX6	AFDB	88.45
A0A8H8RV52_Lachnellula	A0A8H8RV52	AFDB	88.53
A0A8J2TAJ9_Zygosaccharomyces	A0A8J2TAJ9	AFDB	88.3
A0A8T9B5J8_Lachnellula	A0A8T9B5J8	AFDB	87.22
A0A9P0QU44_Kurtzmaniella	A0A9P0QU44	AFDB	89.31
A0A9P3CP80_Cercospora	A0A9P3CP80	AFDB	89.4
A0A9P6VJM9_Hyphodiscus	A0A9P6VJM9	AFDB	86.33
A0A9P8Q4R9_Wickerhamomyces	A0A9P8Q4R9	AFDB	90.22
A0A9Q8SIE6_Colletotrichum	A0A9Q8SIE6	AFDB	88.23
A0A9Q9EGB7_Septoria	A0A9Q9EGB7	AFDB	88.58
A0A9W4UE87_Periconia	A0A9W4UE87	AFDB	89.54
A0AA35J0E4_Saccharomyces	A0AA35J0E4	AFDB	88.0
A0AAD4IFY3_Alternaria	A0AAD4IFY3	AFDB	87.97
A0AAD5BBM1_Candida	A0AAD5BBM1	AFDB	87.5
A0AAD6GIB4_Penicillium	A0AAD6GIB4	AFDB	82.78
A0AAD9AKZ3_Colletotrichum	A0AAD9AKZ3	AFDB	88.04
A0AAD9Y213_Colletotrichum	A0AAD9Y213	AFDB	88.29
A0AAE9W8S9_Schizosaccharomyces	A0AAE9W8S9	AFDB	88.26
A0AAI9TIH2_Penicillium	A0AAI9TIH2	AFDB	87.55
A0AAV5QDJ4_Saccharomycopsis	A0AAV5QDJ4	AFDB	88.83
A0AAV5QKF6_Saccharomycopsis	A0AAV5QKF6	AFDB	88.73
A0AAX4HF17_Australozyma	A0AAX4HF17	AFDB	88.19
A0AB34G0U3_Purpureocillium	A0AB34G0U3	AF2_ColabFold	84.53
A0ABP2EZZ6_Blastomyces	A0ABP2EZZ6	AF2_ColabFold	86.98
A0ABQ7RSC4_Ogataea	A0ABQ7RSC4	AF2_ColabFold	87.35
A0ABQ9SFB4_Colletotrichum	A0ABQ9SFB4	AF2_ColabFold	85.93
A0ABR0HK82_Podospora	A0ABR0HK82	AF2_ColabFold	87.88
A0ABR0TKY5_Aureobasidium	A0ABR0TKY5	AF2_ColabFold	87.63
A0ABR1PTT1_Apiospora	A0ABR1PTT1	AF2_ColabFold	86.54
A0ABR1RLE4_Apiospora	A0ABR1RLE4	AF2_ColabFold	86.77
A0ABR1VZW9_Apiospora	A0ABR1VZW9	AF2_ColabFold	88.6
A0ABR3DMS4_Neurospora	A0ABR3DMS4	AF2_ColabFold	83.34
A0ABR3Y3X8_Phialemonium	A0ABR3Y3X8	AF2_ColabFold	86.07
A0ABR4P0R8_Nakaseomyces	A0ABR4P0R8	AF2_ColabFold	85.67
A0ABX6EXJ8_Kluyveromyces	A0ABX6EXJ8	AF2_ColabFold	87.6
A0ABX6F0Q7_Kluyveromyces	A0ABX6F0Q7	AF2_ColabFold	88.1
A0ABX8I2X5_Candidozyma	A0ABX8I2X5	AF2_ColabFold	72.81
A0ABX8I4W3_Candidozyma	A0ABX8I4W3	AF2_ColabFold	87.3
A2R3M6_Aspergillus	A2R3M6	AFDB	88.32
C4JUZ0_Uncinocarpus	C4JUZ0	AF2_ColabFold	66.39
D4B4E8_Trichophyton	D4B4E8	AFDB	85.89
D4DAK6_Trichophyton	D4DAK6	AFDB	85.26
F2PR25_Trichophyton	F2PR25	AFDB	86.36
F2S1K4_Trichophyton	F2S1K4	AFDB	86.76
G0S6L7_Thermochaetoides	G0S6L7	AFDB	87.94
G1WZ06_Orbilia	G1WZ06	AFDB	88.44
I2H165_Henningerozyma	I2H165	AFDB	85.8
K0KM86_Wickerhamomyces	K0KM86	AFDB	89.81
K3UQF6_Fusarium	K3UQF6	AFDB	87.59
N1RU73_Fusarium	N1RU73	AFDB	88.51
R4XBB5_Taphrina	R4XBB5	AFDB	88.67
S7ZUF7_Penicillium	S7ZUF7	AFDB	87.55
U1GI40_Endocarpon	U1GI40	AFDB	88.53
W6MM08_Kuraishia	W6MM08	AFDB	90.48
W7HWQ6_Drechslerella	W7HWQ6	AFDB	87.24
A0A086SVX6_Hapsidospora	A0A086SVX6	AFDB	88.87
A0A090CWN8_Podospora	A0A090CWN8	AFDB	89.69
A0A0A2KQC3_Penicillium	A0A0A2KQC3	AFDB	87.61
A0A0D9NSG7_Metarhizium	A0A0D9NSG7	AFDB	87.57
A0A0F4YPA8_Rasamsonia	A0A0F4YPA8	AFDB	86.5
A0A0F4ZHF8_Thielaviopsis	A0A0F4ZHF8	AFDB	89.38
A0A0G4KXU7_Verticillium	A0A0G4KXU7	AFDB	87.84
A0A0M9VTS8_Escovopsis	A0A0M9VTS8	AFDB	87.44
A0A0N0DEY4_Fusarium	A0A0N0DEY4	AFDB	89.06
A0A0P7BBB4_Neonectria	A0A0P7BBB4	AFDB	88.73
A0A135LFH1_Penicillium	A0A135LFH1	AFDB	87.91
A0A139HGG1_Pseudocercospora	A0A139HGG1	AFDB	88.29
A0A139IDY3_Pseudocercospora	A0A139IDY3	AFDB	88.32
A0A151GWK7_Drechmeria	A0A151GWK7	AFDB	88.11
A0A166NVT2_Colletotrichum	A0A166NVT2	AFDB	88.98
A0A166U4T1_Moelleriella	A0A166U4T1	AF2_ColabFold	85.17
A0A168C8M9_Ascosphaera	A0A168C8M9	AFDB	87.58
A0A1C1C9U7_Cladophialophora	A0A1C1C9U7	AFDB	90.56
A0A1E5R8N0_Hanseniaspora	A0A1E5R8N0	AFDB	90.38
A0A1G4KDP5_Lachancea	A0A1G4KDP5	AFDB	89.42
A0A1G4KMC5_Lachancea	A0A1G4KMC5	AFDB	89.26
A0A1J9QQT4_Diplodia	A0A1J9QQT4	AFDB	86.04
A0A1J9S2U9_Diplodia	A0A1J9S2U9	AFDB	89.03
A0A1L0BTK2_Sungouiella	A0A1L0BTK2	AFDB	90.09
A0A1Q2YI20_Pichia	A0A1Q2YI20	AFDB	88.81
A0A1Q8RAQ6_Colletotrichum	A0A1Q8RAQ6	AFDB	88.78
A0A1T3CVP8_Trichoderma	A0A1T3CVP8	AFDB	88.01
A0A1V6QBT2_Penicillium	A0A1V6QBT2	AFDB	87.73
A0A1V6RMZ5_Penicillium	A0A1V6RMZ5	AFDB	87.51
A0A1V6RZK0_Penicillium	A0A1V6RZK0	AFDB	88.07
A0A1V6V0V5_Penicillium	A0A1V6V0V5	AFDB	86.32
A0A1V6Z3Y5_Penicillium	A0A1V6Z3Y5	AFDB	87.77
A0A1X7RKD9_Zymoseptoria	A0A1X7RKD9	AFDB	87.96
A0A1Y2M700_Epicoccum	A0A1Y2M700	AFDB	88.01
A0A2C5XF89_Ophiocordyceps	A0A2C5XF89	AFDB	88.09
A0A2K0WHU4_Fusarium	A0A2K0WHU4	AFDB	88.44
A0A2K3Q965_Tolypocladium	A0A2K3Q965	AF2_ColabFold	83.32
A0A2P6FGS0_Pseudogymnoascus	A0A2P6FGS0	AFDB	87.91
A0A2T4GQX9_Fusarium	A0A2T4GQX9	AFDB	88.44
A0A2U3EBL3_Purpureocillium	A0A2U3EBL3	AFDB	88.13
A0A2V1AQV1_Candidozyma	A0A2V1AQV1	AFDB	85.37
A0A367YAA9_Candida	A0A367YAA9	AFDB	89.06
A0A367YJV1_Candida	A0A367YJV1	AFDB	87.48
A0A367YKM2_Candida	A0A367YKM2	AFDB	89.07
A0A395NCI1_Trichoderma	A0A395NCI1	AFDB	87.54
A0A423XFI1_Cytospora	A0A423XFI1	AFDB	87.93
A0A423XK23_Cytospora	A0A423XK23	AFDB	89.16
A0A9W8UIP0_Akanthomyces	A0A9W8UIP0	AFDB	88.5
A0A9W9RAK9_Penicillium	A0A9W9RAK9	AFDB	87.11
A0A9W9XR84_Penicillium	A0A9W9XR84	AFDB	87.25
A0AA35NL61_Saccharomyces	A0AA35NL61	AFDB	88.53
A0AA38VV67_Coniochaeta	A0AA38VV67	AFDB	87.54
A0AA39L6U6_Sarocladium	A0AA39L6U6	AFDB	87.58
A0AAD5RWL4_Zalerion	A0AAD5RWL4	AFDB	87.46
A0AAD6H8K2_Penicillium	A0AAD6H8K2	AFDB	87.11
A0AAD6MU90_Penicillium	A0AAD6MU90	AFDB	87.1
A0AAD9I3P7_Phyllachora	A0AAD9I3P7	AFDB	89.29
A0AAE8SVQ8_Cephalotrichum	A0AAE8SVQ8	AFDB	89.15
A0AAI8YJ59_Anthostomella	A0AAI8YJ59	AFDB	87.8
A0AAI9XWQ1_Colletotrichum	A0AAI9XWQ1	AFDB	88.11
A0AAQ3M7G8_Acrodontium	A0AAQ3M7G8	AFDB	88.03
A0AAV5R7D5_Pichia	A0AAV5R7D5	AFDB	89.46
A0AAV9X1R8_Orbilia	A0AAV9X1R8	AFDB	88.52
A0AAX4HXM9_Colletotrichum	A0AAX4HXM9	AFDB	88.38
A0ABN8VSG3_Saccharomyces	A0ABN8VSG3	AF2_ColabFold	86.52
A0ABP0EFL8_Kurtzmaniella	A0ABP0EFL8	AF2_ColabFold	84.95
A0ABQ7IPQ8_Botrytis	A0ABQ7IPQ8	AF2_ColabFold	85.16
A0ABQ9RPP9_Colletotrichum	A0ABQ9RPP9	AF2_ColabFold	87.84
A0ABR0F5M0_Podospora	A0ABR0F5M0	AF2_ColabFold	88.32
A0ABR0G3Y6_Podospora	A0ABR0G3Y6	AF2_ColabFold	88.4
A0ABR0SAG8_Cladobotryum	A0ABR0SAG8	AF2_ColabFold	85.86
A0ABR1RWV5_Apiospora	A0ABR1RWV5	AF2_ColabFold	86.4
A0ABR3P4W3_Neodothiora	A0ABR3P4W3	AF2_ColabFold	86.81
A0ABR4D136_Oculimacula	A0ABR4D136	AF2_ColabFold	84.59
A0ABR4F3V5_Diaporthe	A0ABR4F3V5	AF2_ColabFold	89.72
A0ABR4MDG3_Ceratocystis	A0ABR4MDG3	AF2_ColabFold	88.08
A0ABR4NXG5_Nakaseomyces	A0ABR4NXG5	AF2_ColabFold	86.69
A0ABY0HA38_Monosporascus	A0ABY0HA38	AF2_ColabFold	86.39
A0ABY6US88_Clonostachys	A0ABY6US88	AF2_ColabFold	85.9
A7EDF0_Sclerotinia	A7EDF0	AFDB	86.88
A7TJ00_Vanderwaltozyma	A7TJ00	AFDB	87.65
B3LSF2_Saccharomyces	B3LSF2	AFDB	88.65
B8LYE9_Talaromyces	B8LYE9	AFDB	86.57
B9WMD7_Candida	B9WMD7	AFDB	86.72
C1GI25_Paracoccidioides	C1GI25	AFDB	88.61
C5E0W3_Zygosaccharomyces	C5E0W3	AFDB	87.68
E9DY51_Metarhizium	E9DY51	AFDB	87.86
F0XHJ8_Leptographium	F0XHJ8	AFDB	84.04
F2T115_Trichophyton	F2T115	AFDB	84.76
G0W9L4_Naumovozyma	G0W9L4	AFDB	88.03
G3JM88_Cordyceps	G3JM88	AFDB	77.92
G8JWH4_Eremothecium	G8JWH4	AFDB	89.27
G8ZVF0_Torulaspora	G8ZVF0	AFDB	86.86
H6BKX2_Exophiala	H6BKX2	AFDB	88.84
J7S460_Huiozyma	J7S460	AFDB	87.08
K1WPA9_Drepanopeziza	K1WPA9	AFDB	87.09
L2G0F7_Colletotrichum	L2G0F7	AFDB	88.29
Q4WVU7_Aspergillus	Q4WVU7	AFDB	88.67
Q6FPW0_Nakaseomyces	Q6FPW0	AFDB	86.87
Q756Y6_Eremothecium	Q756Y6	AFDB	86.74
A0A084APH7_Stachybotrys	A0A084APH7	AFDB	87.66
A0A084GDF4_Scedosporium	A0A084GDF4	AF2_ColabFold	80.98
A0A084QU30_Stachybotrys	A0A084QU30	AFDB	87.46
A0A0B1PEI0_Erysiphe	A0A0B1PEI0	AFDB	87.67
A0A0B2X4N9_Metarhizium	A0A0B2X4N9	AFDB	87.92
A0A0C4EG66_Magnaporthiopsis	A0A0C4EG66	AFDB	87.92
A0A0D1ZHZ9_Exophiala	A0A0D1ZHZ9	AFDB	89.79
A0A0D2J3X0_Fonsecaea	A0A0D2J3X0	AFDB	90.2
A0A0D8JVN0_Coccidioides	A0A0D8JVN0	AFDB	88.38
A0A0F7ZTC5_Hirsutella	A0A0F7ZTC5	AFDB	88.13
A0A0F8DHR2_Ceratocystis	A0A0F8DHR2	AFDB	89.62
A0A0G2I193_Diaporthe	A0A0G2I193	AFDB	88.01
A0A0N1NVW2_Cyphellophora	A0A0N1NVW2	AFDB	88.72
A0A101MLQ9_Penicillium	A0A101MLQ9	AFDB	87.42
A0A109UW77_Eremothecium	A0A109UW77	AFDB	90.59
A0A135SIN3_Colletotrichum	A0A135SIN3	AFDB	88.1
A0A161HKE9_Sugiyamaella	A0A161HKE9	AFDB	87.36
A0A167F3J3_Metarhizium	A0A167F3J3	AFDB	87.98
A0A167H2R5_Beauveria	A0A167H2R5	AFDB	87.86
A0A167TDW9_Niveomyces	A0A167TDW9	AFDB	88.35
A0A175VPZ7_Madurella	A0A175VPZ7	AFDB	89.5
A0A178ZSD6_Fonsecaea	A0A178ZSD6	AFDB	90.34
A0A179FR29_Pochonia	A0A179FR29	AFDB	88.01
A0A4P6XSZ4_Metschnikowia	A0A4P6XSZ4	AFDB	88.75
A0A4R8QEN4_Colletotrichum	A0A4R8QEN4	AFDB	87.77
A0A4S8RIP6_Botrytis	A0A4S8RIP6	AFDB	86.92
A0A4V3HXL6_Colletotrichum	A0A4V3HXL6	AFDB	88.67
A0A4V3UMW7_Aspergillus	A0A4V3UMW7	AFDB	84.88
A0A4Z1EL52_Botrytis	A0A4Z1EL52	AFDB	86.41
A0A4Z1L1J9_Botrytis	A0A4Z1L1J9	AFDB	86.87
A0A5M9JJ09_Monilinia	A0A5M9JJ09	AFDB	82.19
A0A5N5DHG1_Lasiodiplodia	A0A5N5DHG1	AFDB	89.04
A0A7D5Z7W4_Metarhizium	A0A7D5Z7W4	AFDB	87.76
A0A7H9AW24_Zygotorulaspora	A0A7H9AW24	AFDB	85.85
A0A7H9B3W0_Zygotorulaspora	A0A7H9B3W0	AFDB	87.89
A0A8H4NYZ8_Fusarium	A0A8H4NYZ8	AFDB	88.35
A0A8H4PTP3_Ophiocordyceps	A0A8H4PTP3	AFDB	87.21
A0A8H4T3M7_Fusarium	A0A8H4T3M7	AFDB	88.15
A0A8H5N1Z6_Fusarium	A0A8H5N1Z6	AFDB	88.36
A0A8H5UMM3_Fusarium	A0A8H5UMM3	AFDB	88.29
A0A8H5V583_Fusarium	A0A8H5V583	AFDB	87.96
A0A8H5X4H1_Fusarium	A0A8H5X4H1	AFDB	87.47
A0A8H8D9N3_Candida	A0A8H8D9N3	AFDB	87.26
A0A8H8QV95_Lachnellula	A0A8H8QV95	AFDB	87.21
A0A8H8RJD5_Lachnellula	A0A8H8RJD5	AFDB	87.33
A0A9N9YLT0_Clonostachys	A0A9N9YLT0	AFDB	87.88
A0A9P4X3G5_Trichoderma	A0A9P4X3G5	AFDB	88.14
A0A9P7IRT1_Fusarium	A0A9P7IRT1	AFDB	88.53
A0A9W9HNM9_Penicillium	A0A9W9HNM9	AFDB	87.29
A0A9W9JQ30_Penicillium	A0A9W9JQ30	AFDB	87.42
A0A9W9M2N2_Penicillium	A0A9W9M2N2	AFDB	87.0
A0A9W9PWX5_Penicillium	A0A9W9PWX5	AFDB	87.84
A0A9W9V6L1_Penicillium	A0A9W9V6L1	AFDB	88.12
A0A9X0BA58_Penicillium	A0A9X0BA58	AFDB	87.6
A0AAD6E3Q9_Penicillium	A0AAD6E3Q9	AFDB	87.99
A0AAD6IDC6_Penicillium	A0AAD6IDC6	AFDB	87.51
A0AAE1J0Y1_Trichoderma	A0AAE1J0Y1	AFDB	87.65
A0AAE8M1S2_Fusarium	A0AAE8M1S2	AFDB	87.77
A0AAI9UII0_Colletotrichum	A0AAI9UII0	AFDB	88.59
A0AAJ0E579_Colletotrichum	A0AAJ0E579	AFDB	88.35
A0AAN5Z088_Fusarium	A0AAN5Z088	AFDB	87.61
A0AAN6NX75_Pseudoneurospora	A0AAN6NX75	AFDB	86.63
A0AAN7BLM5_Podospora	A0AAN7BLM5	AFDB	89.11
A0AAV5QX45_Pichia	A0AAV5QX45	AFDB	89.77
A0AAV5RMN1_Starmerella	A0AAV5RMN1	AFDB	86.56
A0AAV9HLS5_Cladorrhinum	A0AAV9HLS5	AFDB	89.17
A0AAV9UWK0_Orbilia	A0AAV9UWK0	AFDB	87.2
A0AAW0R3B8_Apiospora	A0AAW0R3B8	AFDB	79.54
A0AAX4HB97_Australozyma	A0AAX4HB97	AFDB	87.22
A0ABN8VEY2_Saccharomyces	A0ABN8VEY2	AF2_ColabFold	86.13
A0ABN8WPA3_Saccharomyces	A0ABN8WPA3	AF2_ColabFold	86.4
A0ABP0EH01_Kurtzmaniella	A0ABP0EH01	AF2_ColabFold	89.08
A0ABP0ZHK7_Lodderomyces	A0ABP0ZHK7	AF2_ColabFold	86.92
A0ABQ0GRH5_Madurella	A0ABQ0GRH5	AF2_ColabFold	86.18
A0ABQ7RB90_Ogataea	A0ABQ7RB90	AF2_ColabFold	88.27
A0ABQ9PW01_Colletotrichum	A0ABQ9PW01	AF2_ColabFold	87.08
A0ABR1UF14_Apiospora	A0ABR1UF14	AF2_ColabFold	86.53
A0ABR4DNY3_Remersonia	A0ABR4DNY3	AF2_ColabFold	85.85
A0ABR4PIR0_Phlyctema	A0ABR4PIR0	AF2_ColabFold	88.03
A0ABZ2WRY7_Fusarium	A0ABZ2WRY7	AF2_ColabFold	85.22
A1DDJ4_Aspergillus	A1DDJ4	AFDB	86.99
A7TMC2_Vanderwaltozyma	A7TMC2	AFDB	89.75
C0NFA5_Histoplasma	C0NFA5	AFDB	89.22
C5FMN5_Microsporum	C5FMN5	AFDB	86.04
C5M8S6_Candida	C5M8S6	AFDB	90.4
E3S321_Pyrenophora	E3S321	AFDB	88.28
F2QT11_Komagataella	F2QT11	AFDB	89.77
G0V6X7_Naumovozyma	G0V6X7	AFDB	88.3
G8Y8Q1_Millerozyma	G8Y8Q1	AFDB	87.07
H0GH54_Saccharomyces	H0GH54	AFDB	87.86
H0GLS5_Saccharomyces	H0GLS5	AF2_ColabFold	85.96
H2AVD6_Kazachstania	H2AVD6	AFDB	88.64
J8PMR0_Saccharomyces	J8PMR0	AFDB	87.8
L8FZR6_Pseudogymnoascus	L8FZR6	AFDB	88.98
M3IP21_Candida	M3IP21	AFDB	86.73
Q6CWC6_Kluyveromyces	Q6CWC6	AFDB	87.4
R8BS17_Phaeoacremonium	R8BS17	AFDB	87.83
S8BV51_Dactylellina	S8BV51	AFDB	88.25
U4KVV4_Pyronema	U4KVV4	AFDB	87.97
V5FX47_Paecilomyces	V5FX47	AFDB	87.85
A0A179IKE1_Akanthomyces	A0A179IKE1	AFDB	88.65
A0A1B7YNX9_Colletotrichum	A0A1B7YNX9	AFDB	88.06
A0A1E1LUZ6_Rhynchosporium	A0A1E1LUZ6	AFDB	87.07
A0A1F5LX58_Penicillium	A0A1F5LX58	AFDB	87.78
A0A1G4JCZ1_Lachancea	A0A1G4JCZ1	AFDB	89.15
A0A1L7TYF3_Fusarium	A0A1L7TYF3	AFDB	87.67
A0A1L9RR32_Aspergillus	A0A1L9RR32	AFDB	87.85
A0A1Q5UPN3_Penicillium	A0A1Q5UPN3	AFDB	87.31
A0A1V6PDM4_Penicillium	A0A1V6PDM4	AFDB	87.33
A0A1V6U1M2_Penicillium	A0A1V6U1M2	AFDB	87.46
A0A1X7QZ68_Maudiozyma	A0A1X7QZ68	AFDB	87.51
A0A1Z5T0V7_Hortaea	A0A1Z5T0V7	AFDB	87.72
A0A225ACG2_Talaromyces	A0A225ACG2	AFDB	86.36
A0A2B7ZAZ8_Emergomyces	A0A2B7ZAZ8	AFDB	87.96
A0A2C5Z3Z6_Ophiocordyceps	A0A2C5Z3Z6	AFDB	88.12
A0A2L2TT35_Fusarium	A0A2L2TT35	AFDB	87.65
A0A2P4ZPZ5_Trichoderma	A0A2P4ZPZ5	AFDB	87.62
A0A2P5IG66_Diaporthe	A0A2P5IG66	AFDB	87.61
A0A2P7YYZ7_Candidozyma	A0A2P7YYZ7	AFDB	84.81
A0A395MU31_Fusarium	A0A395MU31	AFDB	88.93
A0A395SH18_Fusarium	A0A395SH18	AFDB	88.37
A0A3D8T9P5_Coleophoma	A0A3D8T9P5	AFDB	87.93
A0A420HI51_Golovinomyces	A0A420HI51	AFDB	87.63
A0A437A639_Arthrobotrys	A0A437A639	AFDB	87.79
A0A4T0X4S6_Pichia	A0A4T0X4S6	AFDB	87.59
A0A4U6XDE4_Colletotrichum	A0A4U6XDE4	AFDB	88.11
A0A545VF71_Cordyceps	A0A545VF71	AFDB	87.48
A0A553I2H5_Xylaria	A0A553I2H5	AF2_ColabFold	83.56
A0A642UC18_Diutina	A0A642UC18	AFDB	87.26
A0A6P8AS74_Pyricularia	A0A6P8AS74	AFDB	88.15
A0A7D9D0S1_Brettanomyces	A0A7D9D0S1	AFDB	86.85
A0A7D9H4X7_Brettanomyces	A0A7D9H4X7	AFDB	90.88
A0A7G3ZFX8_Torulaspora	A0A7G3ZFX8	AFDB	88.12
A0A7H9HQ67_Torulaspora	A0A7H9HQ67	AFDB	88.11
A0A8A3PQR8_Monilinia	A0A8A3PQR8	AFDB	87.93
A0A8E2ECP4_Lepidopterella	A0A8E2ECP4	AFDB	88.28
A0A8H2VG31_Maudiozyma	A0A8H2VG31	AFDB	87.02
A0A8H4M5R7_Aspergillus	A0A8H4M5R7	AFDB	88.05
A0A8H4RP39_Cudoniella	A0A8H4RP39	AFDB	87.74
A0A8H5K2L9_Fusarium	A0A8H5K2L9	AFDB	88.11
A0A8H5V246_Fusarium	A0A8H5V246	AFDB	88.31
A0A8H6DJK2_Fusarium	A0A8H6DJK2	AFDB	88.44
A0A8H6EMB0_Botrytis	A0A8H6EMB0	AFDB	87.2
A0A8H6MX16_Colletotrichum	A0A8H6MX16	AFDB	88.92
A0A8H6P867_Aspergillus	A0A8H6P867	AFDB	82.53
A0A8H7B4D1_Alternaria	A0A8H7B4D1	AFDB	88.58
A0A8H7MC09_Ascochyta	A0A8H7MC09	AFDB	88.23
A0A8J2N2S3_Alternaria	A0A8J2N2S3	AFDB	88.49
A0A9N8P4J7_Aureobasidium	A0A9N8P4J7	AFDB	82.01
A0A9N8PPA1_Aureobasidium	A0A9N8PPA1	AFDB	80.48
A0A9P5H1A3_Cylindrodendrum	A0A9P5H1A3	AFDB	87.17
A0A9P6I5L3_Colletotrichum	A0A9P6I5L3	AFDB	88.3
A0A9P7UDJ2_Colletotrichum	A0A9P7UDJ2	AFDB	88.62
A0A9P8KRB0_Trichoderma	A0A9P8KRB0	AFDB	87.64
A0A9P8PN42_Wickerhamomyces	A0A9P8PN42	AFDB	84.05
A0A9P8PWM7_Ogataea	A0A9P8PWM7	AFDB	90.11
A0A9P8Q2R3_Wickerhamomyces	A0A9P8Q2R3	AFDB	89.68
A0A9P8TBX6_Wickerhamomyces	A0A9P8TBX6	AFDB	91.32
A0A9P9XX88_Emericellopsis	A0A9P9XX88	AFDB	87.57
A0A9Q0AR35_Neoarthrinium	A0A9Q0AR35	AFDB	88.63
A0A9W4TRY8_Candida	A0A9W4TRY8	AFDB	90.73
A0A9W4TSQ7_Candida	A0A9W4TSQ7	AFDB	88.11
A0A9W6SUB1_Ogataea	A0A9W6SUB1	AFDB	88.84
A0A9W8NAJ3_Xylaria	A0A9W8NAJ3	AFDB	88.95
A0A9W9E386_Trichoderma	A0A9W9E386	AFDB	88.45
A0A9W9GHH5_Penicillium	A0A9W9GHH5	AFDB	87.58
A0A9W9KDN3_Penicillium	A0A9W9KDN3	AFDB	88.92
A0A9W9NF67_Penicillium	A0A9W9NF67	AFDB	87.11
A0A9W9PGZ8_Penicillium	A0A9W9PGZ8	AFDB	88.42
A0AA35M823_Clonostachys	A0AA35M823	AFDB	87.87
A0AA38R6I5_Pleurostoma	A0AA38R6I5	AFDB	87.44
A0AA39QRC0_Cladonia	A0AA39QRC0	AFDB	89.01
A0AA40CH22_Lasiodiplodia	A0AA40CH22	AFDB	88.72
A0AAD6BVQ3_Penicillium	A0AAD6BVQ3	AFDB	87.83
A0AAD9W185_Diaporthe	A0AAD9W185	AFDB	87.96
A0AAI8YTU8_Lecanosticta	A0AAI8YTU8	AFDB	89.11
A0AAI9SW46_Candida	A0AAI9SW46	AFDB	88.45
A0AAN6BNB4_Aspergillus	A0AAN6BNB4	AFDB	88.45
A0AAN6PR26_Parachaetomium	A0AAN6PR26	AFDB	83.72
A0AAV5RQD8_Maudiozyma	A0AAV5RQD8	AFDB	87.6
A0AAV5RS12_Starmerella	A0AAV5RS12	AFDB	86.39
A0AAV5S599_Maudiozyma	A0AAV5S599	AFDB	86.7
A0ABP0ZI86_Lodderomyces	A0ABP0ZI86	AF2_ColabFold	89.58
A0ABQ0CIR6_Epichloe	A0ABQ0CIR6	AF2_ColabFold	85.68
A0ABQ1A1P2_Aspergillus	A0ABQ1A1P2	AF2_ColabFold	86.96
A0ABR0H0U4_Podospora	A0ABR0H0U4	AF2_ColabFold	87.53
A0ABR1X8Q2_Apiospora	A0ABR1X8Q2	AF2_ColabFold	86.45
A0ABR2HLJ4_Apiospora	A0ABR2HLJ4	AF2_ColabFold	86.64
A0ABR2XV60_Seiridium	A0ABR2XV60	AF2_ColabFold	87.83
A0ABR3VRV6_Mycothermus	A0ABR3VRV6	AF2_ColabFold	84.75
A0ABR4DQT9_Diaporthe	A0ABR4DQT9	AF2_ColabFold	87.81
A1CBS2_Aspergillus	A1CBS2	AFDB	88.27
A5E709_Lodderomyces	A5E709	AFDB	89.1
A7TNQ0_Vanderwaltozyma	A7TNQ0	AFDB	87.09
B0Y232_Aspergillus	B0Y232	AFDB	87.25
B6HL55_Penicillium	B6HL55	AFDB	87.81
C1GVB7_Paracoccidioides	C1GVB7	AFDB	88.59
C4YMF4_Candida	C4YMF4	AFDB	87.58
C5DS62_Zygosaccharomyces	C5DS62	AFDB	87.66
E3Q2W0_Colletotrichum	E3Q2W0	AFDB	88.63
A0A074S981_Rhizoctonia	A0A074S981	AFDB	91.98
A0A081CCF7_Moesziomyces	A0A081CCF7	AFDB	90.34
A0A0B7FZH9_Rhizoctonia	A0A0B7FZH9	AFDB	90.98
A0A0B7G372_Rhizoctonia	A0A0B7G372	AFDB	88.19
A0A0D0VFI3_Cryptococcus	A0A0D0VFI3	AFDB	90.19
A0A0D6ENE9_Sporobolomyces	A0A0D6ENE9	AFDB	82.3
A0A0K3C6U0_Rhodotorula	A0A0K3C6U0	AFDB	89.81
A0A0K6FND2_Rhizoctonia	A0A0K6FND2	AFDB	82.42
A0A1B9GFU3_Kwoniella	A0A1B9GFU3	AFDB	90.77
A0A1Q3E2N1_Lentinula	A0A1Q3E2N1	AFDB	90.19
A0A2G8RUN7_Ganoderma	A0A2G8RUN7	AFDB	90.62
A0A2G8S4W6_Ganoderma	A0A2G8S4W6	AFDB	89.15
A0A369J1H4_Hypsizygus	A0A369J1H4	AFDB	90.68
A0A5B0MRD7_Puccinia	A0A5B0MRD7	AFDB	90.21
A0A5M3MBB2_Coniophora	A0A5M3MBB2	AFDB	87.04
A0A8H3TUW7_Naganishia	A0A8H3TUW7	AFDB	90.72
A0A8H3U0A2_Naganishia	A0A8H3U0A2	AFDB	87.1
A0A8H5CYE4_Tetrapyrgos	A0A8H5CYE4	AFDB	83.64
A0A8H5EYD2_Psilocybe	A0A8H5EYD2	AFDB	89.34
F7VS34_Sordaria	F7VS34	AFDB	86.19
G8BSI5_Tetrapisispora	G8BSI5	AFDB	87.18
H8XAL7_Candida	H8XAL7	AFDB	87.36
J3NIB7_Gaeumannomyces	J3NIB7	AFDB	89.32
K9GB17_Penicillium	K9GB17	AFDB	87.92
N1J746_Blumeria	N1J746	AFDB	88.17
Q6CQY1_Kluyveromyces	Q6CQY1	AFDB	86.9
Q756M1_Eremothecium	Q756M1	AFDB	88.76
Q7RXT1_Neurospora	Q7RXT1	AFDB	86.28
S0E8T2_Fusarium	S0E8T2	AFDB	87.16
S3DLT2_Glarea	S3DLT2	AFDB	86.88
W3WI34_Pestalotiopsis	W3WI34	AFDB	88.95
W6QMY6_Penicillium	W6QMY6	AFDB	88.64
A0A0B4FVA9_Metarhizium	A0A0B4FVA9	AFDB	87.18
A0A0P7BLB4_Neonectria	A0A0P7BLB4	AFDB	88.57
A0A0V1Q2Z0_Debaryomyces	A0A0V1Q2Z0	AFDB	86.22
A0A1L0BLG4_Sungouiella	A0A1L0BLG4	AFDB	86.89
A0A1U7LSY4_Neolecta	A0A1U7LSY4	AF2_ColabFold	83.1
A0A2P5HGU5_Diaporthe	A0A2P5HGU5	AFDB	88.22
A0A2T0FMF4_Wickerhamiella	A0A2T0FMF4	AFDB	87.53
A0A2U9QZ99_Pichia	A0A2U9QZ99	AFDB	87.45
A0A376BAK2_Saccharomycodes	A0A376BAK2	AFDB	87.5
A0A395J7K7_Monilinia	A0A395J7K7	AFDB	86.64
A0A3E2GT96_Scytalidium	A0A3E2GT96	AFDB	86.9
A0A3N4JMV7_Choiromyces	A0A3N4JMV7	AFDB	90.06
A0A559MKX1_Lachnellula	A0A559MKX1	AFDB	87.11
A0A5E8BI10_Magnusiomyces	A0A5E8BI10	AFDB	84.85
A0A642UMB7_Diutina	A0A642UMB7	AFDB	90.35
A0A642V5E7_Trichomonascus	A0A642V5E7	AFDB	88.13
A0A7H9HUR2_Torulaspora	A0A7H9HUR2	AFDB	87.66
A0A8H4CLQ5_Colletotrichum	A0A8H4CLQ5	AFDB	88.79
A0A8H4T4I9_Fusarium	A0A8H4T4I9	AFDB	86.8
A0A8H5WXE6_Fusarium	A0A8H5WXE6	AFDB	86.68
A0A9N9W2U8_Clonostachys	A0A9N9W2U8	AFDB	87.84
A0A9P5HJJ0_Cylindrodendrum	A0A9P5HJJ0	AFDB	83.17
A0A9P8F6U8_Aureobasidium	A0A9P8F6U8	AFDB	89.14
A0A9W4RWK1_Colletotrichum	A0A9W4RWK1	AFDB	88.89
A0AA35JJF7_Saccharomyces	A0AA35JJF7	AF2_ColabFold	88.09
A0AAD9SP23_Diaporthe	A0AAD9SP23	AFDB	89.69
A0ABR1QZN4_Apiospora	A0ABR1QZN4	AF2_ColabFold	88.16
A0ABR1X8H1_Apiospora	A0ABR1X8H1	AF2_ColabFold	87.26
A0ABY2H3J9_Trichoderma	A0ABY2H3J9	AF2_ColabFold	87.23
A0ACA9TUV3_Clonostachys	A0ACA9TUV3	AF2_ColabFold	86.69
A0ACA9Y7U7_Yamadazyma	A0ACA9Y7U7	AF2_ColabFold	85.2
A0ACA9YCX0_Yamadazyma	A0ACA9YCX0	AF2_ColabFold	88.27
A0ACB5SA82_Neofusicoccum	A0ACB5SA82	AF2_ColabFold	87.66
A0ACB6V604_Geotrichum	A0ACB6V604	AF2_ColabFold	81.73
A0ACB6V835_Geotrichum	A0ACB6V835	AF2_ColabFold	86.6
A0ACC0QR54_Fusarium	A0ACC0QR54	AF2_ColabFold	85.22
A0ACC1N0K5_Zarea	A0ACC1N0K5	AF2_ColabFold	85.61
A0ACC1PT71_Xylaria	A0ACC1PT71	AF2_ColabFold	81.37
A0ACC1RAE9_Lecanicillium	A0ACC1RAE9	AF2_ColabFold	85.88
A0ACC1RL04_Fusarium	A0ACC1RL04	AF2_ColabFold	80.38
A0ACC2HQW4_Boeremia	A0ACC2HQW4	AF2_ColabFold	86.29
A0ACC3TRB3_Lipomyces	A0ACC3TRB3	AF2_ColabFold	87.16
A0ACC3YGM8_Colletotrichum	A0ACC3YGM8	AF2_ColabFold	87.37
A0ACD3Z1H8_Fusarium	A0ACD3Z1H8	AF2_ColabFold	85.84
J6EEG6_Saccharomyces	J6EEG6	AFDB	88.24
M3JT10_Candida	M3JT10	AFDB	91.52
A0A0V1Q0J3_Debaryomyces	A0A0V1Q0J3	AFDB	89.61
A0A1D8PRM6_Candida	A0A1D8PRM6	AFDB	90.62
A0A1G4KQ33_Komagataella	A0A1G4KQ33	AFDB	89.7
A0A2V1AIT0_Candidozyma	A0A2V1AIT0	AF2_ColabFold	72.81
A0A8H8D8N2_Candida	A0A8H8D8N2	AFDB	90.38
A0A8J5QH60_Spathaspora	A0A8J5QH60	AF2_ColabFold	88.63
A0A9P8P3R0_Ogataea	A0A9P8P3R0	AFDB	91.15
A0A9P8T4U6_Ogataea	A0A9P8T4U6	AFDB	90.98
A0AAD5BCG9_Candida	A0AAD5BCG9	AFDB	90.57
A0ABQ7RA53_Ogataea	A0ABQ7RA53	AF2_ColabFold	89.21
A0ABQ7S1B0_Ogataea	A0ABQ7S1B0	AF2_ColabFold	89.95
A5DRR3_Lodderomyces	A5DRR3	AFDB	88.53
B9WKK1_Candida	B9WKK1	AFDB	89.53
C4R014_Komagataella	C4R014	AFDB	90.2
C4Y757_Clavispora	C4Y757	AFDB	89.77
C4YNB1_Candida	C4YNB1	AFDB	89.94
G8BBJ1_Candida	G8BBJ1	AFDB	89.42
G8YJN4_Millerozyma	G8YJN4	AFDB	90.04
H8WVI4_Candida	H8WVI4	AFDB	89.34
K0KZ61_Wickerhamomyces	K0KZ61	AFDB	89.89
Q6BNW6_Debaryomyces	Q6BNW6	AFDB	89.21
W1QFA7_Ogataea	W1QFA7	AFDB	91.13
A0A060SM94_Trametes	A0A060SM94	AFDB	91.43
A0A074S1G0_Rhizoctonia	A0A074S1G0	AFDB	87.1
A0A0D1DZD7_Mycosarcoma	A0A0D1DZD7	AFDB	90.74
A0A0K6G7K7_Rhizoctonia	A0A0K6G7K7	AFDB	91.67
A0A0L6V131_Puccinia	A0A0L6V131	AFDB	91.05
A0A0P1BIQ6_Ceraceosorus	A0A0P1BIQ6	AFDB	89.0
A0A1B9FTK0_Kwoniella	A0A1B9FTK0	AFDB	85.49
A0A1B9HTQ2_Kwoniella	A0A1B9HTQ2	AFDB	90.7
A0A1C7MA88_Grifola	A0A1C7MA88	AFDB	92.09
A0A1E3HRY9_Cryptococcus	A0A1E3HRY9	AFDB	91.39
A0A1K0G3T0_Ustilago	A0A1K0G3T0	AFDB	90.2
A0A1M2VF04_Trametes	A0A1M2VF04	AFDB	88.24
A0A1Q3EGR3_Lentinula	A0A1Q3EGR3	AFDB	89.01
A0A238F8L5_Microbotryum	A0A238F8L5	AFDB	89.27
A0A284R575_Armillaria	A0A284R575	AFDB	90.79
A0A2R6NMH7_Hermanssonia	A0A2R6NMH7	AFDB	89.22
A0A2R6NTT4_Hermanssonia	A0A2R6NTT4	AFDB	88.38
A0A2S5BEQ4_Rhodotorula	A0A2S5BEQ4	AFDB	86.07
A0A2X0KA56_Microbotryum	A0A2X0KA56	AFDB	89.16
A0A2X0LW32_Microbotryum	A0A2X0LW32	AFDB	80.34
A0A409W7F6_Gymnopilus	A0A409W7F6	AFDB	89.34
A0A4Q1BV97_Tremella	A0A4Q1BV97	AFDB	90.67
A0A4S4KLM9_Hermanssonia	A0A4S4KLM9	AFDB	89.49
A0A4S4LSC0_Bondarzewia	A0A4S4LSC0	AFDB	84.67
A0A4S4MT59_Antrodiella	A0A4S4MT59	AFDB	89.87
A0A4T0FNF2_Wallemia	A0A4T0FNF2	AFDB	91.09
A0A4Y9YC71_Dentipellis	A0A4Y9YC71	AFDB	91.32
A0A4Y9YGX5_Dentipellis	A0A4Y9YGX5	AFDB	79.68
A0A5B0N1Q3_Puccinia	A0A5B0N1Q3	AFDB	89.5
A0A5C3E4B2_Ustilago	A0A5C3E4B2	AFDB	90.36
A0A5C3E832_Ustilago	A0A5C3E832	AFDB	90.75
A0A5C3FLB2_Moesziomyces	A0A5C3FLB2	AFDB	90.61
A0A5M6C3F7_Kwoniella	A0A5M6C3F7	AFDB	89.43
A0A5N5QIE1_Ceratobasidium	A0A5N5QIE1	AF2_ColabFold	66.59
A0A5N5QIV7_Ceratobasidium	A0A5N5QIV7	AF2_ColabFold	89.34
A0A5N5QSQ7_Ceratobasidium	A0A5N5QSQ7	AFDB	89.86
A0A8H5D9L0_Leucocoprinus	A0A8H5D9L0	AFDB	89.85
A0A8H5FIS4_Ephemerocybe	A0A8H5FIS4	AFDB	89.54
A0A8H5H1J4_Tetrapyrgos	A0A8H5H1J4	AFDB	70.97
A0A8H5HHS9_Tricholomella	A0A8H5HHS9	AFDB	86.32
A0A8H5HYM6_Collybiopsis	A0A8H5HYM6	AFDB	89.62
A0A8H5LZH5_Tetrapyrgos	A0A8H5LZH5	AFDB	87.81
A0A8H5M8P6_Collybiopsis	A0A8H5M8P6	AFDB	81.76
A0A8H6X7X8_Mycena	A0A8H6X7X8	AFDB	80.24
A0A8H7CZF7_Mycena	A0A8H7CZF7	AFDB	91.4
A0A8X7NC76_Tilletia	A0A8X7NC76	AFDB	91.19
A0A8X7SWK2_Tilletia	A0A8X7SWK2	AFDB	91.36
A0A9N8MAE1_Tilletia	A0A9N8MAE1	AFDB	91.11
A0A9P3G2I0_Phanerochaete	A0A9P3G2I0	AFDB	86.0
A0A9P3G4R7_Phanerochaete	A0A9P3G4R7	AFDB	81.38
A0A9P3G5D9_Phanerochaete	A0A9P3G5D9	AFDB	89.15
A0A9P3G9Z6_Phanerochaete	A0A9P3G9Z6	AFDB	90.79
A0A9P3GEL8_Phanerochaete	A0A9P3GEL8	AFDB	88.79
A0A9P3UJ47_Lyophyllum	A0A9P3UJ47	AFDB	87.84
A0A9Q3CGN2_Austropuccinia	A0A9Q3CGN2	AFDB	89.71
A0A9Q3DCC3_Austropuccinia	A0A9Q3DCC3	AFDB	90.71
A0AA38HDX6_Dioszegia	A0AA38HDX6	AFDB	90.32
A0AA48QVP0_Cutaneotrichosporon	A0AA48QVP0	AFDB	90.36
A0AAD3TY69_Cutaneotrichosporon	A0AAD3TY69	AFDB	90.77
A0AAD5VW10_Leucocoprinus	A0AAD5VW10	AFDB	83.23
A0AAD7TST6_Trametes	A0AAD7TST6	AFDB	88.61
A0AAD7TZE9_Trametes	A0AAD7TZE9	AFDB	89.59
A0AAF0Y8C4_Vanrija	A0AAF0Y8C4	AFDB	89.6
A0AAJ4XLQ0_Melanopsichium	A0AAJ4XLQ0	AFDB	90.61
A0AAJ8KXR9_Kwoniella	A0AAJ8KXR9	AFDB	86.44
A0AAW0BFE3_Favolaschia	A0AAW0BFE3	AFDB	79.96
A0AAW0E6V9_Favolaschia	A0AAW0E6V9	AFDB	88.21
A0AAW0YJW9_Kwoniella	A0AAW0YJW9	AFDB	90.26
A0AAX4K6B3_Kwoniella	A0AAX4K6B3	AFDB	91.29
A0AAX4K8N5_Kwoniella	A0AAX4K8N5	AFDB	82.4
A0AAX4KL96_Kwoniella	A0AAX4KL96	AFDB	90.37
A0ABP1CKG3_Somion	A0ABP1CKG3	AF2_ColabFold	83.35
A0ABP1DQJ8_Somion	A0ABP1DQJ8	AF2_ColabFold	87.48
A0ABP1E5U3_Somion	A0ABP1E5U3	AF2_ColabFold	89.87
A0ABP1E5U8_Somion	A0ABP1E5U8	AF2_ColabFold	89.33
A0ABP1E5X9_Somion	A0ABP1E5X9	AF2_ColabFold	91.04
A0ABR3BXI1_Cryptococcus	A0ABR3BXI1	AF2_ColabFold	88.16
A0ABR3JDG0_Hohenbuehelia	A0ABR3JDG0	AF2_ColabFold	90.35
A0ABR5B432_Cryptococcus	A0ABR5B432	AF2_ColabFold	85.92
A0ABR5C231_Cryptococcus	A0ABR5C231	AF2_ColabFold	87.52
A0ABY7D8X9_Puccinia	A0ABY7D8X9	AF2_ColabFold	91.04
A0ABZ2AN38_Cryptococcus	A0ABZ2AN38	AF2_ColabFold	88.79
A8N288_Coprinopsis	A8N288	AFDB	88.03
A8N8Y7_Coprinopsis	A8N8Y7	AFDB	90.3
D6RJX6_Coprinopsis	D6RJX6	AFDB	90.88
E3LA34_Puccinia	E3LA34	AFDB	89.33
E6RE98_Cryptococcus	E6RE98	AFDB	85.89
E7A0V7_Sporisorium	E7A0V7	AFDB	91.07
G4TC19_Serendipita	G4TC19	AFDB	89.06
G4TCR9_Serendipita	G4TCR9	AFDB	90.16
G7DW85_Mixia	G7DW85	AFDB	87.16
J4G0H3_Fibroporia	J4G0H3	AFDB	90.81
J9VZB8_Cryptococcus	J9VZB8	AFDB	91.03
J9W1Z3_Cryptococcus	J9W1Z3	AFDB	86.34
M7X6D4_Rhodotorula	M7X6D4	AFDB	87.02
Q5KCW7_Cryptococcus	Q5KCW7	AFDB	84.2
R7RYN2_Stereum	R7RYN2	AFDB	90.56
R9NXM4_Pseudozyma	R9NXM4	AFDB	89.44
V2Z1H8_Moniliophthora	V2Z1H8	AFDB	90.16
W3VVA0_Moesziomyces	W3VVA0	AFDB	90.5
A0A060SCN9_Trametes	A0A060SCN9	AFDB	88.53
A0A067Q5M5_Jaapia	A0A067Q5M5	AFDB	90.74
A0A095CAP8_Cryptococcus	A0A095CAP8	AFDB	91.18
A0A0D7BMU1_Cylindrobasidium	A0A0D7BMU1	AFDB	92.01
A0A0F7RVL5_Sporisorium	A0A0F7RVL5	AFDB	90.6
A0A0K6G747_Rhizoctonia	A0A0K6G747	AFDB	88.25
A0A0L0V172_Puccinia	A0A0L0V172	AFDB	91.01
A0A177TH00_Tilletia	A0A177TH00	AFDB	91.36
A0A177V7P0_Tilletia	A0A177V7P0	AFDB	91.33
A0A180GTA2_Puccinia	A0A180GTA2	AFDB	89.63
A0A1A5ZVX6_Kwoniella	A0A1A5ZVX6	AFDB	90.05
A0A1B9GQY0_Kwoniella	A0A1B9GQY0	AFDB	86.91
A0A1B9GYC6_Kwoniella	A0A1B9GYC6	AFDB	91.59
A0A1B9IG44_Kwoniella	A0A1B9IG44	AFDB	90.29
A0A1E3I3G1_Cryptococcus	A0A1E3I3G1	AFDB	90.22
A0A1E3JFJ4_Cryptococcus	A0A1E3JFJ4	AFDB	88.6
A0A1J8Q9H0_Rhizopogon	A0A1J8Q9H0	AFDB	85.95
A0A1M2VTG0_Trametes	A0A1M2VTG0	AFDB	87.11
A0A1M8AB69_Malassezia	A0A1M8AB69	AFDB	90.29
A0A1Q3E1Z4_Lentinula	A0A1Q3E1Z4	AFDB	90.73
A0A284RQ68_Armillaria	A0A284RQ68	AFDB	88.57
A0A286UKZ0_Pyrrhoderma	A0A286UKZ0	AFDB	88.64
A0A2S4URQ4_Puccinia	A0A2S4URQ4	AFDB	91.17
A0A369K4X4_Hypsizygus	A0A369K4X4	AFDB	89.87
A0A369KAK7_Hypsizygus	A0A369KAK7	AFDB	89.81
A0A3G2S9J2_Malassezia	A0A3G2S9J2	AFDB	91.24
A0A401G8C9_Sparassis	A0A401G8C9	AFDB	83.94
A0A401H636_Sparassis	A0A401H636	AFDB	88.75
A0A409VCH1_Gymnopilus	A0A409VCH1	AFDB	83.39
A0A409Y7J2_Panaeolus	A0A409Y7J2	AFDB	89.31
A0A4Q2DRZ9_Candolleomyces	A0A4Q2DRZ9	AFDB	88.75
A0A4S4LHT0_Phellinidium	A0A4S4LHT0	AFDB	90.93
A0A4U7KPQ9_Sporisorium	A0A4U7KPQ9	AFDB	90.42
A0A4V3XJE3_Antrodiella	A0A4V3XJE3	AFDB	91.73
A0A5B0N0I5_Puccinia	A0A5B0N0I5	AFDB	89.6
A0A5C3EV21_Pseudozyma	A0A5C3EV21	AFDB	83.6
A0A5C3EZA1_Pseudozyma	A0A5C3EZA1	AFDB	90.36
A0A5D3AUK3_Cryptococcus	A0A5D3AUK3	AFDB	89.84
A0A5M6C8X0_Kwoniella	A0A5M6C8X0	AFDB	85.62
A0A8H4VJS1_Agrocybe	A0A8H4VJS1	AFDB	91.12
A0A8H5B4L3_Psilocybe	A0A8H5B4L3	AFDB	92.35
A0A8H5GCJ7_Leucocoprinus	A0A8H5GCJ7	AFDB	75.81
A0A8H5HQ47_Collybiopsis	A0A8H5HQ47	AFDB	91.09
A0A8H6T2J5_Mycena	A0A8H6T2J5	AFDB	90.93
A0A8H6WB99_Mycena	A0A8H6WB99	AFDB	90.58
A0A8H6WYH6_Mycena	A0A8H6WYH6	AFDB	88.81
A0A8H6Z6T2_Mycena	A0A8H6Z6T2	AFDB	89.94
A0A9P3G3Y6_Phanerochaete	A0A9P3G3Y6	AFDB	83.15
A0A9P3US95_Lyophyllum	A0A9P3US95	AFDB	91.0
A0A9Q5HZ83_Sanghuangporus	A0A9Q5HZ83	AFDB	91.11
A0AAD2HQZ9_Mycena	A0AAD2HQZ9	AFDB	87.86
A0AAD2HTN7_Mycena	A0AAD2HTN7	AFDB	83.7
A0AAD5VEU9_Meripilus	A0AAD5VEU9	AFDB	90.87
A0AAD5W3A8_Leucocoprinus	A0AAD5W3A8	AFDB	89.56
A0AAD5YMS7_Meripilus	A0AAD5YMS7	AFDB	84.37
A0AAD7TYJ6_Trametes	A0AAD7TYJ6	AFDB	91.98
A0AAJ8M2S8_Cryptococcus	A0AAJ8M2S8	AFDB	84.67
A0AAW0YQW8_Kwoniella	A0AAW0YQW8	AFDB	82.73
A0ABP1DQU6_Somion	A0ABP1DQU6	AF2_ColabFold	88.44
A0ABP1DT00_Somion	A0ABP1DT00	AF2_ColabFold	88.9
A0ABQ0L4N8_Mycena	A0ABQ0L4N8	AF2_ColabFold	80.83
A0ABQ0M0T4_Mycena	A0ABQ0M0T4	AF2_ColabFold	85.5
A0ABR3BM64_Cryptococcus	A0ABR3BM64	AF2_ColabFold	85.96
A0ABR5BG99_Cryptococcus	A0ABR5BG99	AF2_ColabFold	88.1
A0ABR5BLN6_Cryptococcus	A0ABR5BLN6	AF2_ColabFold	85.13
A0ABZ1DBQ0_Kwoniella	A0ABZ1DBQ0	AF2_ColabFold	86.01
A0ABZ2B030_Cryptococcus	A0ABZ2B030	AF2_ColabFold	85.67
E6R3E7_Cryptococcus	E6R3E7	AFDB	90.67
G7DW84_Mixia	G7DW84	AFDB	87.65
I2G1B8_Ustilago	I2G1B8	AFDB	90.52
J4I8G7_Fibroporia	J4I8G7	AFDB	88.47
K1WDM8_Trichosporon	K1WDM8	AFDB	85.33
Q5KKJ1_Cryptococcus	Q5KKJ1	AFDB	90.55
R9AGB8_Wallemia	R9AGB8	AFDB	91.2
U5H9L9_Microbotryum	U5H9L9	AFDB	79.03
V2XGD7_Moniliophthora	V2XGD7	AFDB	86.57
V5GHH8_Kalmanozyma	V5GHH8	AFDB	87.97
A0A0B7G341_Rhizoctonia	A0A0B7G341	AFDB	87.71
A0A0K6G754_Rhizoctonia	A0A0K6G754	AF2_ColabFold	82.23
A0A0K6GA87_Rhizoctonia	A0A0K6GA87	AFDB	85.06
A0A1Y2IYW8_Trametes	A0A1Y2IYW8	AFDB	88.97
A0A284RAN9_Armillaria	A0A284RAN9	AFDB	90.7
A0A286UR16_Pyrrhoderma	A0A286UR16	AFDB	89.61
A0A4S4LN17_Bondarzewia	A0A4S4LN17	AFDB	77.46
A0A4S4MSG5_Antrodiella	A0A4S4MSG5	AFDB	83.31
A0A4Y9YSR9_Dentipellis	A0A4Y9YSR9	AFDB	88.65
A0A8H5M0W8_Tricholomella	A0A8H5M0W8	AFDB	89.21
A0A8H6YXU7_Mycena	A0A8H6YXU7	AFDB	89.05
A0A8H7DCL8_Mycena	A0A8H7DCL8	AFDB	89.52
A0A9P8AFI1_Marasmius	A0A9P8AFI1	AFDB	86.62
A0A9P8AFL8_Marasmius	A0A9P8AFL8	AFDB	87.53
A0A9W8ML86_Candolleomyces	A0A9W8ML86	AFDB	88.69
A0AAD5UZ43_Meripilus	A0AAD5UZ43	AFDB	89.22
A0ABP1CKG6_Somion	A0ABP1CKG6	AF2_ColabFold	85.13
A0ABP1CNA1_Somion	A0ABP1CNA1	AF2_ColabFold	85.39
A0ABP1CNE3_Somion	A0ABP1CNE3	AF2_ColabFold	85.44
A0ABQ0KXJ8_Mycena	A0ABQ0KXJ8	AF2_ColabFold	88.91
A0ACB7IKH0_Pleurotus	A0ACB7IKH0	AF2_ColabFold	85.61
A0ACC1P622_Trametes	A0ACC1P622	AF2_ColabFold	74.52
V2XWW7_Moniliophthora	V2XWW7	AFDB	88.61
I1BKX4_Rhizopus	I1BKX4	AFDB	90.65
Q9H611_Homo	Q9H611	AFDB	91.14
A0A015N2M8_Rhizophagus	A0A015N2M8	AFDB	91.14
A0A0B7N3L9_Parasitella	A0A0B7N3L9	AFDB	88.25
A0A0B7NVF9_Parasitella	A0A0B7NVF9	AFDB	90.51
A0A0C9MZV3_Mucor	A0A0C9MZV3	AFDB	82.99
A0A0L0HTH8_Spizellomyces	A0A0L0HTH8	AFDB	93.09
A0A168NJR9_Absidia	A0A168NJR9	AFDB	92.72
A0A1C7NKC8_Choanephora	A0A1C7NKC8	AFDB	90.64
A0A1C7NS85_Choanephora	A0A1C7NS85	AFDB	88.16
A0A2Z6Q637_Rhizophagus	A0A2Z6Q637	AFDB	91.24
A0A507E7A0_Powellomyces	A0A507E7A0	AFDB	92.64
A0A507FMG7_Chytriomyces	A0A507FMG7	AFDB	91.4
A0A8H4A8B1_Gigaspora	A0A8H4A8B1	AFDB	88.86
A0A8H7Q426_Umbelopsis	A0A8H7Q426	AFDB	90.06
A0A8H7QRS8_Mucor	A0A8H7QRS8	AFDB	90.32
A0A8H7RPV3_Mucor	A0A8H7RPV3	AFDB	92.51
A0A8H7S720_Circinella	A0A8H7S720	AFDB	90.96
A0A8H7V8V8_Mucor	A0A8H7V8V8	AF2_ColabFold	75.55
A0A9N8Z8P5_Diversispora	A0A9N8Z8P5	AFDB	90.17
A0A9N8ZA40_Funneliformis	A0A9N8ZA40	AFDB	90.27
A0A9N8ZJ08_Ambispora	A0A9N8ZJ08	AFDB	91.47
A0A9N9HM59_Dentiscutata	A0A9N9HM59	AFDB	90.08
A0A9P3HAH0_Entomortierella	A0A9P3HAH0	AFDB	84.4
A0A9P3HF53_Entomortierella	A0A9P3HF53	AFDB	86.42
A0A9P3HK37_Entomortierella	A0A9P3HK37	AFDB	85.85
A0A9P3HK44_Entomortierella	A0A9P3HK44	AFDB	87.16
A0A9P3HKJ7_Entomortierella	A0A9P3HKJ7	AFDB	84.07
A0A9P6YYP4_Rhizopus	A0A9P6YYP4	AFDB	90.3
A0A9P7BV71_Rhizopus	A0A9P7BV71	AFDB	90.27
A0A9W4WTA5_Funneliformis	A0A9W4WTA5	AFDB	91.97
A0AAD7XWI0_Lichtheimia	A0AAD7XWI0	AFDB	91.25
A0AAN7D3L5_Mucor	A0AAN7D3L5	AFDB	89.98
A0AAN7D484_Mucor	A0AAN7D484	AFDB	89.73
A0ABQ8ESF1_Batrachochytrium	A0ABQ8ESF1	AF2_ColabFold	90.98
A0A015KD19_Rhizophagus	A0A015KD19	AFDB	89.39
A0A1M2VH00_Trametes	A0A1M2VH00	AFDB	88.4
A0A1Q3E2E1_Lentinula	A0A1Q3E2E1	AFDB	87.23
A0A261Y8L7_Bifiguratus	A0A261Y8L7	AFDB	84.58
A0A8H5FHN3_Ephemerocybe	A0A8H5FHN3	AFDB	88.97
A0A8H7Q1B8_Umbelopsis	A0A8H7Q1B8	AFDB	90.66
A0A9N9IT00_Cetraspora	A0A9N9IT00	AFDB	88.97
A0A9P3UKB6_Lyophyllum	A0A9P3UKB6	AFDB	88.19
A0ACB7J0F3_Pleurotus	A0ACB7J0F3	AF2_ColabFold	84.16
A0ACC1QDJ0_Trametes	A0ACC1QDJ0	AF2_ColabFold	87.47
A0ACC1T3Q8_Phlebia	A0ACC1T3Q8	AF2_ColabFold	80.48
A0ACC1T620_Phlebia	A0ACC1T620	AF2_ColabFold	88.62
A8PUE9_Malassezia	A8PUE9	AFDB	90.53
J4H1T8_Fibroporia	J4H1T8	AFDB	86.79
A0A0C3AWH9_Serendipita	A0A0C3AWH9	AFDB	89.96
A0A0D7ANQ6_Fistulina	A0A0D7ANQ6	AFDB	87.4
A0A0H2RNB9_Schizopora	A0A0H2RNB9	AFDB	92.08
A0A0H2S6Y4_Schizopora	A0A0H2S6Y4	AFDB	90.07
A0A2A9NU72_Amanita	A0A2A9NU72	AFDB	92.08
A0A4S8MSI0_Dendrothele	A0A4S8MSI0	AFDB	88.45
A0A9N9DSD6_Ambispora	A0A9N9DSD6	AFDB	91.74
A0ACA9NG08_Acaulospora	A0ACA9NG08	AF2_ColabFold	90.05
